PRAGMA foreign_keys=OFF;
BEGIN TRANSACTION;
CREATE TABLE users(
	userid integer primary key,
	username text unique not null,
	email text unique not null,
	password text not null,
	imageurl text
);
INSERT INTO users VALUES(1,'admin','admin','8c6976e5b5410415bde908bd4dee15dfb167a9c873fc4bb8a81f6f2ab448a918',NULL);
INSERT INTO users VALUES(2,'tester','tester','5e884898da28047151d0e56f8dc6292773603d0d6aabbdd62a11ef721d1542d8',NULL);
CREATE TABLE tokens(
	tokenid integer primary key,
	token text unique not null,
	user integer not null,
	FOREIGN KEY(user) REFERENCES users(userid)
);
INSERT INTO tokens VALUES(1,'admin',1);
INSERT INTO tokens VALUES(2,'tester',2);
CREATE TABLE admins(
	adminid integer primary key,
	userid integer unique,
	FOREIGN KEY(userid) REFERENCES users(userid)
);
INSERT INTO admins VALUES(1,1);
CREATE TABLE recipes(
	recipeid integer primary key,
	name text unique not null,
	description text,
	method text,
	imageurl text,
	creator integer,
	creationtime text,
	popularity integer,
	FOREIGN KEY(creator) REFERENCES users(userid)
);
INSERT INTO recipes VALUES(1,'Iced Water','A cold refreshing beverage that is easy to make in the home with very little ingredients. ','Put Ice into a glass of your choice | Pour water into the glass with ice | Enjoy your cold beverage','https://www.pngall.com/wp-content/uploads/5/Ice-Water-Glass-PNG-Clipart.png',1,'2013-11-19 23:58:48',0);
INSERT INTO recipes VALUES(2,'Homemade Lemonade','The perfect summer drink using freshly sqeezed lemons with some carbonation for extra refreshment. Super easy to make and a loved recipe by all.','Squeeze the juice out of the lemons into a glass | Add in your sugar and stir with the lemon juice | Fill the rest of the glass with soda water and ice','https://www.dreamstime.com/homemade-lemonade-mint-ice-glass-jug-glass-isolated-homemade-lemonade-mint-ice-glass-jug-image120508931',1,'2005-11-21 18:32:20',0);
INSERT INTO recipes VALUES(3,'Screwdriver','An easy drink to have after a long day at work or for large parties.','Put Ice into glass of choice | Pour in your vodka of choice | Fill the rest of the glass with Orange Juice','https://www.clipartmax.com/max/m2H7K9m2N4G6G6d3/',1,'2020-10-29 14:49:35',0);
INSERT INTO recipes VALUES(4,'Espresso','A dark bitter drink full of caffeine and perfect to help give you a boost of energy in the mornings. It is a very thick concentrate with a Crema(creamy foam) on top.','Grind coffee beans | Place ground beans into a coffee wand| Place the wand into the coffee machine and let it run with a cup underneath | Once complete, enjoy your cup of espresso','https://www.pngwing.com/en/free-png-zaohy',1,'2011-12-11 16:56:31',0);
INSERT INTO recipes VALUES(5,'Cappucino','A milky cup of coffee with a nice thick layer of foam with chocolate powder to top. Easy drinking for that morning burst of energy','Make a cup of espresso in a coffee mug | Steam your milk of choice in a milk jug until a silky layer of foam forms on the top | Pour the steamed milk into the espresso, gently swirling the jug to incorporate the coffee and milk. Ensure that there is a nice layer of foam on the top. | Coat with a dusting of chocolate powder and enjoy','',1,'2013-12-26 19:22:42',0);
INSERT INTO recipes VALUES(6,'Ristretto','Ristretto stands for short in Italian, it takes the same amount of coffee grounds as in espresso, and only half of the water volume. Making the end result, even more, concentrated coffee than espresso. In plain words, Ristretto is a shorter or restricted version of espresso with a slightly sweeter taste and less bitterness.','Grind coffee beans | Place ground beans into a coffee wand| Place the wand into the coffee machine and let it run on Ristretto setting with a cup underneath | Once complete, enjoy your cup of espresso','',1,'2010-12-14 21:31:25',0);
INSERT INTO recipes VALUES(7,'Doppio','In Italian doppio stand for double! And therefore, Doppio is a double shot of espresso or basically two shots of espresso in one cup. Doppio is brewed the same way as espresso by pouring hot water through a portafilter with a double spout into one cup.','Grind coffee beans | Place ground beans into a coffee wand| Place the wand into the coffee machine and let it run on Double Espresso setting with a cup underneath | Once complete, enjoy your cup of espresso','',1,'2012-12-19 14:36:50',0);
INSERT INTO recipes VALUES(8,'Americano','If you want stronger Americano coffee then go for Long Black Coffee. It’s very similar to Americano, except, it uses two shots of espresso and just a bit less hot water to enhance the taste.','Make one shot of espresso | Add hot water to the cup and enjoy','',1,'2015-10-24 19:35:23',0);
INSERT INTO recipes VALUES(9,'Long Black','If you want stronger Americano coffee then go for Long Black Coffee. It’s very similar to Americano, except, it uses two shots of espresso and just a bit less hot water to enhance the taste.','Make two shots of espresso into a cup | Add hot water and enjoy','',1,'2013-12-11 13:57:20',0);
INSERT INTO recipes VALUES(10,'Drip Coffee','Drip coffee, also known as Filter coffee, this is a brewing method that involves using a filter, and it is the most common method that is used in people’s homes. In order to make the coffee, grounds are placed within a filter, and then heated water is processed through the filter. This causes the water to absorb the flavor of the grounds as it drips through to the carafe at the bottom.','Add coffee grounds into a filter, with a coffee filter. | Slowly pour hot water on top of the grounds in a spiral pattern starting from the outside and going in | Once the water has passed through the coffee and filter, serve and enjoy','',1,'2019-11-19 12:25:23',0);
INSERT INTO recipes VALUES(11,'Iced Latte','Refreshing cold beverage with coffee and milk. Perfect to start your mornings during the hot weather','Place a shot of espresso into a cup | Add in your ice | Pour cold milk over top and enjoy','',1,'2002-10-22 18:39:39',0);
INSERT INTO recipes VALUES(12,'Iced Chocolate','Sweet cold drink perfect for those that aren''t a big fan of caffeine. ','Place chocolate syrup into the cup | Ddd in your ice | Pour cold milk of choice over the top and enjoy','',1,'2017-12-16 14:16:25',0);
INSERT INTO recipes VALUES(13,'Iced Mocha','A sweet cold drink with a hit of caffein. A nice drink for those that find coffee too bitter.','Place a shot of espresso into a cup | Add in chocolate syrup of choice and mix with espresso | Add your ice | Pour over cold milk of choice and enjoy','',1,'2004-12-12 12:15:52',0);
INSERT INTO recipes VALUES(14,'Gin and Tonic','Refreshing alcoholic beverage. Sweet and botanical in nature. Known to be served with a lime wedge as a garnish but can be swapped out for any garnish of choice. Tonic water may be swapped out for soda if preferred','Add ice into your glass of choice | Pour in gin of choice | Top off with tonic water of your choice | Garnish with a lime wedge','',1,'2014-12-27 14:24:28',0);
INSERT INTO recipes VALUES(15,'Cuba Libre','Also know as a rum and coke, a well known drink that is popular across the world. Sweetness of the rum blend perfectly with the coke and creates a beautiful sweet and refreshing beverage.','Add ice into glass of choice | Pour in white rum | Pour in the lime juice | Top off with coca cola | Garnish with a lime wedge and serve','',1,'2011-11-21 15:36:38',0);
INSERT INTO recipes VALUES(16,'Tequila Sunrise','badda badda badda badda tequila!','Add ice to your glass | Pour in your tequila of choice | Fill the rest with orange juice | Gently pour the grenadine down the side of the glass to get that gradient effect and enjoy','',1,'2019-11-18 12:23:30',0);
INSERT INTO recipes VALUES(17,'Godfather','The Godfather cocktail is a simple Scotch and amaretto drink that’s full of flavor! It pairs nutty sweetness with a spicy whiskey finish. With just two ingredients, it balances the nutty sweetness of amaretto with the spicy finish of whiskey. The hint of amaretto gives the Scotch a unique intrigue that makes it more palatable than drinking straight up. The perfect intro-to-Scotch cocktail.','Add ice to glass of choice | Pour in your choice of scotch whisky | Pour in the Amaretto and enjoy','',1,'2005-10-22 20:36:39',0);
INSERT INTO recipes VALUES(18,'Black Russian','The Black Russian is a simple, two-part cocktail combining vodka and Kahlúa, a coffee liqueur that’s made with rum, sugar and arabica coffee. The drink was created in the late 1940s by bartender Gustave Tops at the Hotel Metropole in Brussels.','Add ice to glass of your choice | Pour in choice of vodka | Pour in coffee liqueur and enjoy','',1,'2015-10-24 22:14:33',0);
INSERT INTO recipes VALUES(19,'White Russian','The White Russian is a decadent and surprisingly easy-to-make cocktail. Combining vodka, Kahlúa and cream and serving it on the rocks creates a delicious alternative to adult milkshakes.','Add ice to glass of your choice | Pour in choice of vodka | Pour in coffee liqueur | Top with cold milk and enjoy','',1,'2010-11-11 20:45:26',0);
INSERT INTO recipes VALUES(20,'Moscow Mule','The Moscow Mule is a classic vodka-based cocktail that is popular for good reason: It’s delicious, refreshing and a snap to make. Just speaking the name of the drink conjures images of the ice-cold copper mug that is the de rigueur vessel for the Moscow Mule.','Add ice to a mule mug | Pour in choice of vodka | Pour in lime juice | Top with ginger beer | Garnish with a lime wedge and enjoy','',1,'2014-12-17 23:31:52',0);
INSERT INTO recipes VALUES(21,'Sex on the Beach','The Sex on the Beach is very easy to make, so you might try mixing one for your next cocktail party. Fresh orange juice will add bright acidity and produce a fresher tasting drink. Some people prefer to sub pineapple juice for the OJ, but orange will keep the cocktail classic. Any solid vodka will do, as it provides a mostly neutral base that lets the peach liqueur and fruit juices take center stage. Merge your ingredients, take a sip, and transport yourself to the beach one cocktail at a time.','Add ice to glass | Pour in vodka, peach liqueur | Pour in Cranberry juice and Orange Juice and enjoy','',1,'2002-11-12 14:57:14',0);
INSERT INTO recipes VALUES(22,'Cosmopolitan','The Cosmo was a product of its time. In the late-1980s and early-’90s, vodka was king, but flavored vodka was just finding an audience. When Absolut released its first flavored vodka, the lemony Citron, bartenders had a new toy to work with. Cecchini used it in the Cosmo alongside Ocean Spray, and the vodka-and-cranberry duo is still the preferred pair at most bars today. You, of course, can use whichever citrus-flavored vodka and cranberry juice you like.','Add citron vodka, cointreau, lime juice and cranberry jucie into a cocktail shaker | Add ice and shake approx. 15 times | Double strain into a cocktail glass | Garnish with an orange peel and enjoy','',1,'2013-10-24 13:50:23',0);
INSERT INTO recipes VALUES(23,'Daiquiri','The Daiquiri is simple and sublime, a delicate blend of rum’s sweetness with the raw freshness of sugar and lime juice. Whole lives have been dedicated to balancing those three elements. That each ingredient should be of the highest quality goes without saying, though even then the Daiquiri can throw you a curve. Choose an overly sweet rum or use too much sugar, and you’re left sipping liquid candy; overdo the citrus, and the cocktail drowns in a puckering pool of acidity.','Add white rum, lime juice and sugar syrup to a cocktail shaker | Add ice and shake approx. 15 times | Double strain into a cocktail glass and enjoy','',1,'2002-11-30 22:38:21',0);
INSERT INTO recipes VALUES(24,'French Martini','The French Martini helped to kick off the flavored Martini craze of the 1990s. Featuring vodka, pineapple juice and Chambord, the cocktail was first brought to prominence in NYC restaurateur Keith McNally’s Balthazar after the drink made its debut at another one of his establishments during the late-1980s. The cocktail is emblematic of the era’s preference for fruity and sweet drinks, especially those with Martini in the name, or anything appended with a ’Tini suffix','Add vodka, chambord and pineapple juice to a cocktail shaker | Add ice and shake very hard approx. 15 times | double strain into a chilled coupe glass | Garnish with a skewered raspberry','',1,'2012-12-30 12:32:19',0);
INSERT INTO recipes VALUES(25,'Tom Collins','Tom Collins, a classic cocktail featuring gin, lemon juice, simple syrup and club soda. The refreshing drink tastes like a spiked sparkling lemonade and is equipped with all you need to cool down on a hot day.','Add ice to a glass | Pour the gin, lemon juice and sugar syrup | Stir gently to mix the ingredients | Top with soda water | Garnish with a lemon wedge and enjoy','',1,'2010-11-19 22:18:51',0);
INSERT INTO recipes VALUES(26,'Long Island Iced Tea','The Long Island Iced Tea is an extremely boozy drink and not one to take lightly. Holding in a total of 5 different spirits with a dash of coke and lemon juice, this drink will turn you into one hot mess. Perfect for frat or house parties if your goal is to get completely smashed.','Add vodka, white rum, gin, tequila, cointreau, lemon juice and sugar syrup into a cocktail shaker | Add ice and shake approx. 15 times | Add ice into a tall glass and strain the cocktail into the glass | Top the drink with a splash of coca cola | Garnish with a lemon wedge and get absolutely wasted','',1,'2010-12-29 21:13:38',0);
INSERT INTO recipes VALUES(27,'Dry Martini','The Dry Martini took its current form around 1905, when the new order of the day was dry gin, dry vermouth and perhaps a dash of orange bitters for good measure. A strong and classy drink. Vodka is acceptable in a martini in lieu of gin if preferred','Add gin/vodka and dry vermouth into a mixing glass | Add ice to the top and stir continuously | Strain into a chilled martini glass | Garnish with choice of olives or a lemon twist','',1,'2012-12-24 14:39:30',0);
INSERT INTO recipes VALUES(28,'Dirtini Martini','Similar to the dry martini, the dirty martini consists of dry gin, dry vermouth but now with the addition of olive brine. The name dirty comes from the added olive brine which makes the drink look dirty. The more olive brine you add, the dirtier the drink becomes until it becomes absolutely filthy.','Add gin/vodka, dry vermouth and olive brine into a mixing glass | Add ice to the top and stir continuously | Strain into a chilled martini glass | Garnish with olives','',1,'2000-11-21 12:35:59',0);
INSERT INTO recipes VALUES(29,'Margarita','The Margarita is one of the most popular cocktails in North America—for good reason. Combining the tang of lime and the sweetness of orange liqueur with the distinctive strength of tequila, the classic Margarita strikes all of the right keys. ','Add tequila, cointreau, lime juice and sugar syrup to a cocktail shaker | Add ice and shake approx 15. times | Rim the edge of a chilled margarita glass with salt | Double strain the cocktail into the glass and enjoy','',1,'2012-10-23 18:42:45',0);
INSERT INTO recipes VALUES(30,'Manhattan','Amazingly, the drink that socialites tipped to their lips in the 19th century looks and tastes pretty much the same as the one served today at any decent cocktail bar. The Manhattan’s mix of American whiskey and Italian vermouth, enlivened with a few dashes of aromatic bitters, is timeless and tasty—the very definition of what a cocktail should be. Rye''s spicier, edgier profile makes it a better choice in this cocktail than bourbon, but really, you can go with whichever you prefer. And while Angostura bitters are a must in any variation, a single dash of orange bitters helps brighten the cocktail’s edges, bringing the whiskey and vermouth together seamlessly, while the brandied cherry garnish lends a touch of sweetness.','Add bitters, Sweet Vermouth and bourbon into a mixing glass | Add ice to the top and stir continuously | Strain into a chilled coupe | Garnish with a cherry and enjoy','',1,'2019-10-25 18:13:22',0);
INSERT INTO recipes VALUES(31,'Amaretto Sour','The classic recipe of two to one ratio of amaretto and lemon juice makes a fairly sweet drink, but that’s the beauty of it. It tastes great, it’s easy to drink and and it’s very enjoyable. This is a fantastic party drink. It tastes like a dessert that leaves warmth at the back of your throat and elevates your spirit.','Add angostura bitters, amaretto, lemon juice, sugar syrup and egg whites into a cocktail shaker | Shake without ice approx. 15 times | Shake with ice approx. 10 times | Fill a rocks glass with ice and strain the cocktail | Garnish with a cherry and a lemon wedge and enjoy','',1,'2018-10-13 23:48:39',0);
INSERT INTO recipes VALUES(32,'Whisky Sour','Spirit, citrus and sugar—the original big three—combine to form the classic sour, one of the oldest types of cocktails. The category includes the Whiskey Sour, which has sated thirsty drinkers for more than one and a half centuries. The Whiskey Sour was traditionally made with whiskey, lemon juice, sugar and egg white, an ingredient that tames the tart flavor and creates a richer, smoother texture.','Add angostura bitters, bourbon, lemon juice, sugar syrup and egg whites into a cocktail shaker | Shake without ice approx. 15 times | Shake with ice approx. 10 times | Fill a rocks glass with ice and strain the cocktail | Garnish with a cherry and a lemon wedge and enjoy','',1,'2019-10-16 21:36:36',0);
INSERT INTO recipes VALUES(33,'Clover Club','The Clover Club with gin, fresh lemon juice, raspberry syrup and egg white was a favorite among this genteel set. Any high-quality gin can make a great Clover Club, but a good London dry gin will complement the cocktail’s tart fruit and silky body. While egg white is optional in some drinks (and it’s technically optional in this one, too) its role is important, adding texture and yielding a luscious, foamy head when shaken and strained.','Add Raspberry Puree, gin, lemon juice and egg whites to a cocktail shaker | Shake without ice approx. 15 times | Shake with ice approx. 15 times | Double strain into a cocktail glass | Garnish with rasperries and enjoy','',1,'2008-12-12 12:48:58',0);
INSERT INTO recipes VALUES(34,'Bramble','Perfectly poised between fruity, sour, sweet and boozy - expect an adventure in a glass. The Bramble is a blackberry-based cocktail that’s rather simple to make and is nicely balanced in its sweet and sour tones.','Add gin, lemon juice and sugar syrup to a cocktail shaker | Shake with ice approx. 15 times | Fill Rocks glass with cubed ice and strain cocktail | Top off with crushed ice | Gently pour the creme de mure on top of the crushed ice and let it float over the rest of the cocktail | Garnish with blackberries and a lemon wedge and serve with a straw','',1,'2015-11-18 18:59:54',0);
INSERT INTO recipes VALUES(35,'Mojito','The Mojito is slightly more labor-intensive than other cocktails because it involves muddling the mint, but the end result is worth the effort. The mint combines with the other ingredients for an extra dose of refreshment that, while often associated with summer, can be enjoyed any time of the year','Add sugar syrup and limes into a tall glass | Muddle the limes | Smash the mint leaves in between your hands and add it into the glass | Add in the light rum | Add crushed ice and churn the drink until you have mint leaves and lime wedges sitting throughout the drink | Top off with extra crushed ice and top off with soda water | Garnish with a mint sprig and a straw','',1,'2005-11-24 13:45:34',0);
INSERT INTO recipes VALUES(36,'Mint Julep','The Mint Julep is traditionally served in a rocks glass or, ideally, in a silver julep cup. Since bourbon is the only liquid in the drink, you’ll want to use a high-quality bottle that you know you love. A slightly higher-proof bourbon—something in the mid-80s or around 90—will keep the crushed ice from diluting the cocktail too quickly','Soak sugar/ a sugar cube in angostura bitters and muddle in a julep tin with a bit of soda water | Smash mint leaves in your hands and add it to the glass | Add your bourbon to the glass | Fill the glass with crushed ice and churn the contents until the mint is dispered throughout the drink | Garnish with a mint sprig and a straw','',1,'2015-11-22 23:16:34',0);
INSERT INTO recipes VALUES(37,'Gin Basil Smash','The Gin Basil Smash is a modern classic cocktail that’s refreshing, delicious, and so easy to make at home! This simple gin cocktail uses just four ingredients, and you can find them at the store any time of year. The bright and herbaceous flavors of fresh basil and lemon make the Gin Basil Smash an especially great cocktail for spring and summer. And the vibrant green color is a welcome departure from the reds and browns of the most common, easy classic cocktails.','Add Basil leaves, gin, lemon juice and sugar syrup to a cocktail shaker | Shake with ice approx 15. times | Double strain into a rocks glass and fill with ice | Garnish with a basil leaf and enjoy','',1,'2008-11-23 12:14:16',0);
INSERT INTO recipes VALUES(38,'Southside','The Southside cocktail is an easy and refreshing gin drink made with mint, lemon and lime: think of it like a gin mojito!  It’s minty, fresh, and botanical, made with lemon, lime, and gin. It’s sweetened just enough: crisp, cool and refreshing. It’s perfect for sipping on a cocktail night with friends, or an afternoon cocktail on the patio.','Add mint leaves, gin, lemon juice and sugar syrup to a cocktail shaker | Shake with ice approx 15. times | Double strain into a coupe | Garnish with a mint leaf and enjoy','',1,'2003-11-20 21:57:34',0);
INSERT INTO recipes VALUES(39,'B52','The B-52 is a popular, eye-catching shot composed of three liqueurs: Baileys Irish cream, Grand Marnier and coffee liqueur. The drink’s origin is not completely clear, but rather than being named for the 1950s-built B-52 bomber, it is believed to have originated during the 1970s by a bartender and fan of the iconic band The B-52s.','In a 60mL (2 oz.) shot glass, add the kahlua, ensuring it does not get on the sides of the glass | Using the back of a spoon, place the tip on the surface of the kahlua and slowly pour the baileys ontop of the spoon to get a layered effect | Do the same but with cointreau last','',1,'2008-11-21 21:44:59',0);
INSERT INTO recipes VALUES(40,'Pornstar Martini','The Pornstar Martini is a refreshing passion fruit cocktail made with vanilla vodka, Passoa and lime juice served with a shot of Prosecco or Champagne on the side. This seductive flavoured martini is probably notorious thanks to its risqué, name. Whatever the name, this passion fruit cocktail served with a shot of Prosecco on the side is both super delicious and photogenic!','Add vodka, passionfruit liqueur, passionfruit puree, lime juice and vanilla syrup into a cocktail shaker | Shake with ice approx. 15 times | Double strain into a chilled coupe | Garnish with half a passionfruit | Pour champagne/prosecco into a shotglass on the side and enjoy','',1,'2020-11-24 16:29:32',0);
INSERT INTO recipes VALUES(41,'Bellini','Bellini is an Italian classic. The original recipe came from Venice and was simply two parts Prosecco (Italian sparkling wine) to one part white peach puree with a touch of raspberry or cherry juice. It’s light and delicate, and goes with almost anything. It’s an ideal brunch drink, but it’s just as delicious served at a dinner party as a light drink guests can enjoy with appetizers or finger foods.','Add Peach Puree and Peach liqueur to a champagne flute | Pour in prosecco/champagne into the glass | Gently bring the syrup and puree upwards using a spoon to gently mix the liquids together','',1,'2006-11-20 20:32:36',0);
INSERT INTO recipes VALUES(42,'French 75','The iconic celebratory cocktail that scintillates in the glass and packs a hidden punch. The French 75 is a cocktail held in such high esteem that it falls easily, though with the elegance and grace one would expect of a high-society French Madame, into the realm of a classic cocktail.','Add gin, lemon juice and sugar syrup into a cocktail shaker | Shake with ice approx. 15 times | Double strain into a champagne flute | Top the glass with prosecco/champagne | Garnish with a lemon twist','',1,'2007-12-11 15:35:50',0);
INSERT INTO recipes VALUES(43,'Old Fashioned','The old-fashioned is one of the best ways to dress up your favorite whiskey without significantly altering the taste. If you''re a traditionalist, you might prefer rye whiskey. The bourbon old-fashioned is a popular choice as well; it was the go-to style of whiskey for this iconic drink for years. Whichever whiskey you pour, the sweet, bitter, and fruit flavors added to the glass will enhance it nicely.','Soak a sugar cube in angostura bitters and muddle in a mixing glass with some soda water | Add in the bourbon and stir continuously with ice | Strain into a rocks glass and serve with a large ice cube if possible | Garnish with an orange peel','',1,'2006-10-22 21:54:45',0);
INSERT INTO recipes VALUES(44,'Dark & Stormy','The Dark & Stormy is one of those drinks that caters to all tastes. A simple but beautiful mixture of sweet, mellow rum, spicy ginger beer and zingy lime, finished with the Caribbean spice of Angostura bitters, this is more than just a rum and ginger beer.','Add ice to a glass | Add lime juice and fill with ginger beer | Gently pour dark rum over top | Garnish with a lime wedge ','',1,'2003-10-29 14:17:26',0);
INSERT INTO recipes VALUES(45,'White Lady','The White Lady cocktail! It’s a classic sour featuring gin and lemon with a frothy egg white topping. This 1920’s style sour is clear and crisp, with a refreshing flavor and a frothy egg white foam topping. It’s super classy, perfect for a cocktail night or just sipping on the porch. Alex and I have been working our way through great cocktails, and this is one is a standout.','Add gin, cointreau, lemon juice and sugar syrup into a cocktail shaker | Shake without ice approx. 15 times  | Shake with ice approx. 15 times | Double strain into a chilled coupe | Garnish with a lemon twist','',1,'2003-12-18 20:22:47',0);
INSERT INTO recipes VALUES(46,'Aviation','The aviation cocktail is a fantastic classic cocktail with a long and rocky past. It is a stunning cocktail to look at and the most popular recipe to feature crème de violette. The floral taste is also captivating, and in a true old-fashioned style, it requires just a few ingredients. The combination of gin, cherry, violets, and lemon offers a fascinating flavor that is unique in the cocktail world.','Add gin, maraschino, lemon juice and sugar syrup to a cocktail shaker | Shake with ice approx. 15 times | Double strain into a chilled coupe | Garnish with a cherry and enjoy','',1,'2001-10-15 19:24:32',0);
INSERT INTO recipes VALUES(47,'Negroni','Designed as an aperitif, the Classic Negroni is the very definition of balance. This ruby red Italian charmer is now popping up everywhere, having made its return to the mainstream in mid-2015. While the Negroni may look sweet, it’s anything but – it’s strong, bitter notes are what Negroni nerds revere about the concoction; there’s no syrup masking anything here. Drink it before a good meal, not just because it is the very definition of an Aperitivo cocktail but because a gin, vermouth and bitters is a booze layered on booze combination that would have sunk Henry VIII.','Add gin, sweet vermouth and campari into a mixing glass | Add ice and stir continuously | Strain into a rocks glass | Add a large ice if possible | Garnish with an orange peel','',1,'2003-11-26 13:39:51',0);
INSERT INTO recipes VALUES(48,'Boulevardier','The boulevardier is bittersweet, warming, and spicy, an Italian villa in the snowy Colorado Rockies. It tastes the way illustrations in a 100-year-old book look. It tastes like old leather feels or how whispered confessions of love sound. Drinking one feels like floating around in a lava lamp filled with sweet cherries, bittersweet orange peels, and dried stone fruit.','Add rye, sweet vermouth and campari into a mixing glass | Add ice and stir continuously | Strain into a rocks glass | Add a large ice if possible | Garnish with an orange peel','',1,'2013-10-30 19:14:44',0);
INSERT INTO recipes VALUES(49,'Aperol Spritz','Aperol Spritz, the iconic orange drink. Its unmistakable orange and fresh bittersweet taste light up your toasts and add extra joy to the moment. Everything else is brought to the table by the inner lighthearted spirit of Aperol Spritz which spontaneously gather people together and sparks nothing but good vibes.','Add aperol and prosecco to a wine glass | Add ice | Top with soda water | Garnish with an orange slice and a straw ','',1,'2009-11-27 19:19:27',0);
INSERT INTO recipes VALUES(50,'Mimosa','Mimosas are a delicious combination of sparkling wine, and orange juice. They are simple, fun, and perfect to serve to company. Read on to see our tips for making them best including the right ratio and best wine to buy. The perfect brunch drink','Add equal parts orange juice and champagne into a flute | Enjoy your brunch','',1,'2010-12-27 13:14:29',0);
INSERT INTO recipes VALUES(51,'Espresso Martini','Espresso Martini is what you make for after dinner drinks, or when you need a pick-me-up but don’t want to fall behind the pack on a night out with your mates! Dangerously drinkable with a good slog of liquor, this coffee cocktail is made with espresso, vodka and Kahlua.','Add vodka, kahlua, coffee and sugar syrup to a cocktail shaker | Shake with ice approx. 15 times | Double strain into a chilled coupe | Garnish with 3 coffee beans and enjoy','',1,'2013-12-10 13:44:48',0);
INSERT INTO recipes VALUES(52,'Grasshopper','The Grasshopper is a green blast from the past featuring green creme de menthe, white creme de cacao and heavy cream. Creme de menthe is a liqueur made by adding mint leaves or extract to neutral alcohol, after which it’s filtered, sweetened, lightly aged and bottled. And white creme de cacao is a sweet, chocolate-flavored liqueur with a buttery mouthfeel.','Add creme de menthe, white cacao liqueur and milk to a cocktail shaker | Shake with ice approx. 15 times | Double strain into a chileld coupe | Enjoy your drink','',1,'2001-10-18 14:12:49',0);
INSERT INTO recipes VALUES(53,'Pina Colada','One of the world’s most popular summer cocktails, the Piña Colada tastes refreshing and sweet. It´s super easy to make and perfect to enjoy with friends. It’s no surprise why it’s a favorite in beach bars everywhere!','Add white rum, coconut liqeur, lime juice, pineapple juice and coconut cream to a cocktail shaker | Shake with ice approx. 15 times | Strain into a hurricane glass | Add ice | Garnish with a pineapple wedge and a cherry and enjoy','',1,'2009-12-13 23:36:22',0);
INSERT INTO recipes VALUES(54,'Lemon Lime and Bitters','A loved drink by all people and much more superior to lemonade. This drink survived the prohibition and is still a very popular drink today. Refreshing and carbonated.','Add bitters, lime juice to a glass | Add ice to the glass and top with lemonade or soda water for a healthier option | Garnish with a lemon and enjoy','',1,'2012-11-20 17:57:29',0);
CREATE TABLE saved_recipes(
	recipeid integer not null,
	userid integer not null,
	PRIMARY KEY(recipeid, userid),
	FOREIGN KEY(recipeid) REFERENCES recipes(recipeid),
	FOREIGN KEY(userid) REFERENCES users(userid)
);
CREATE TABLE ingredients(
	ingredientid integer primary key,
	name text unique not null,
	tags text
);
INSERT INTO ingredients VALUES(1,'Water',NULL);
INSERT INTO ingredients VALUES(2,'Ice',NULL);
INSERT INTO ingredients VALUES(3,'Full Cream Milk',NULL);
INSERT INTO ingredients VALUES(4,'Almond Milk',NULL);
INSERT INTO ingredients VALUES(5,'Oat Milk',NULL);
INSERT INTO ingredients VALUES(6,'Cashew Milk',NULL);
INSERT INTO ingredients VALUES(7,'Soy Milk',NULL);
INSERT INTO ingredients VALUES(8,'Hemp Milk',NULL);
INSERT INTO ingredients VALUES(9,'Rice Milk',NULL);
INSERT INTO ingredients VALUES(10,'Coconut Milk',NULL);
INSERT INTO ingredients VALUES(11,'Skim Milk',NULL);
INSERT INTO ingredients VALUES(12,'Raw Milk',NULL);
INSERT INTO ingredients VALUES(13,'2% Milk',NULL);
INSERT INTO ingredients VALUES(14,'Low-Fat Milk',NULL);
INSERT INTO ingredients VALUES(15,'Goat Milk',NULL);
INSERT INTO ingredients VALUES(16,'Organic Milk',NULL);
INSERT INTO ingredients VALUES(17,'Lactose Free Milk',NULL);
INSERT INTO ingredients VALUES(18,'Condensed Milk',NULL);
INSERT INTO ingredients VALUES(19,'Evaporated Milk',NULL);
INSERT INTO ingredients VALUES(20,'Buttermilk',NULL);
INSERT INTO ingredients VALUES(21,'Buffalo Milk',NULL);
INSERT INTO ingredients VALUES(22,'Milk',NULL);
INSERT INTO ingredients VALUES(23,'Robusta Coffee Beans',NULL);
INSERT INTO ingredients VALUES(24,'Liberica Coffee Beans',NULL);
INSERT INTO ingredients VALUES(25,'Excelsa Coffee Beans',NULL);
INSERT INTO ingredients VALUES(26,'Arabica Coffee Beans',NULL);
INSERT INTO ingredients VALUES(27,'Coffee',NULL);
INSERT INTO ingredients VALUES(28,'Apple Juice',NULL);
INSERT INTO ingredients VALUES(29,'Orange Juice',NULL);
INSERT INTO ingredients VALUES(30,'Pineapple Juice',NULL);
INSERT INTO ingredients VALUES(31,'Lemon Juice',NULL);
INSERT INTO ingredients VALUES(32,'Lime Juice',NULL);
INSERT INTO ingredients VALUES(33,'Cranberry Juice',NULL);
INSERT INTO ingredients VALUES(34,'Carrot Juice',NULL);
INSERT INTO ingredients VALUES(35,'Grapefruit Juice',NULL);
INSERT INTO ingredients VALUES(36,'Beetroot Juice',NULL);
INSERT INTO ingredients VALUES(37,'Celery Juice',NULL);
INSERT INTO ingredients VALUES(38,'Tomato Juice',NULL);
INSERT INTO ingredients VALUES(39,'Pomegranate Juice',NULL);
INSERT INTO ingredients VALUES(40,'Guava Juice',NULL);
INSERT INTO ingredients VALUES(41,'Grape Juice',NULL);
INSERT INTO ingredients VALUES(42,'Sugarcane Juice',NULL);
INSERT INTO ingredients VALUES(43,'Vegetable Juice',NULL);
INSERT INTO ingredients VALUES(44,'Watermelon Juice',NULL);
INSERT INTO ingredients VALUES(45,'Wintermelon Juice',NULL);
INSERT INTO ingredients VALUES(46,'Strawberry Juice',NULL);
INSERT INTO ingredients VALUES(47,'Raspberry Juice',NULL);
INSERT INTO ingredients VALUES(48,'Blueberry Juice',NULL);
INSERT INTO ingredients VALUES(49,'Papaya Juice',NULL);
INSERT INTO ingredients VALUES(50,'Peach Liqueur',NULL);
INSERT INTO ingredients VALUES(51,'Honeydew Juice',NULL);
INSERT INTO ingredients VALUES(52,'Cucumber Juice',NULL);
INSERT INTO ingredients VALUES(53,'Cantaloupe Juice',NULL);
INSERT INTO ingredients VALUES(54,'Blackcurrant Juice',NULL);
INSERT INTO ingredients VALUES(55,'Acai Juice',NULL);
INSERT INTO ingredients VALUES(56,'Apple',NULL);
INSERT INTO ingredients VALUES(57,'Apricots',NULL);
INSERT INTO ingredients VALUES(58,'Acerola',NULL);
INSERT INTO ingredients VALUES(59,'Avocado',NULL);
INSERT INTO ingredients VALUES(60,'Banana',NULL);
INSERT INTO ingredients VALUES(61,'Blackberries',NULL);
INSERT INTO ingredients VALUES(62,'Blackcurrant',NULL);
INSERT INTO ingredients VALUES(63,'Blueberries',NULL);
INSERT INTO ingredients VALUES(64,'Breadfruit',NULL);
INSERT INTO ingredients VALUES(65,'Cantaloupe',NULL);
INSERT INTO ingredients VALUES(66,'Starfruit',NULL);
INSERT INTO ingredients VALUES(67,'Cherimoya',NULL);
INSERT INTO ingredients VALUES(68,'Cherries',NULL);
INSERT INTO ingredients VALUES(69,'Clementine',NULL);
INSERT INTO ingredients VALUES(70,'Coconut Meat',NULL);
INSERT INTO ingredients VALUES(71,'Cranberries',NULL);
INSERT INTO ingredients VALUES(72,'Custard Apple',NULL);
INSERT INTO ingredients VALUES(73,'Date Fruit',NULL);
INSERT INTO ingredients VALUES(74,'Durian',NULL);
INSERT INTO ingredients VALUES(75,'Elderberries',NULL);
INSERT INTO ingredients VALUES(76,'Feijoa',NULL);
INSERT INTO ingredients VALUES(77,'Elderflower',NULL);
INSERT INTO ingredients VALUES(78,'Figs',NULL);
INSERT INTO ingredients VALUES(79,'Gooseberries',NULL);
INSERT INTO ingredients VALUES(80,'Grapefruit',NULL);
INSERT INTO ingredients VALUES(81,'Grapes',NULL);
INSERT INTO ingredients VALUES(82,'Guava',NULL);
INSERT INTO ingredients VALUES(83,'Honeydew Melon',NULL);
INSERT INTO ingredients VALUES(84,'Jackfruit',NULL);
INSERT INTO ingredients VALUES(85,'Java Plum',NULL);
INSERT INTO ingredients VALUES(86,'Jujube Fruit',NULL);
INSERT INTO ingredients VALUES(87,'KiwiFruit',NULL);
INSERT INTO ingredients VALUES(88,'Kumquat',NULL);
INSERT INTO ingredients VALUES(89,'Lemon',NULL);
INSERT INTO ingredients VALUES(90,'Lime',NULL);
INSERT INTO ingredients VALUES(91,'Longan',NULL);
INSERT INTO ingredients VALUES(92,'Loquat',NULL);
INSERT INTO ingredients VALUES(93,'Lychee',NULL);
INSERT INTO ingredients VALUES(94,'Mandarin',NULL);
INSERT INTO ingredients VALUES(95,'Mango',NULL);
INSERT INTO ingredients VALUES(96,'Mangosteen',NULL);
INSERT INTO ingredients VALUES(97,'Mulberries',NULL);
INSERT INTO ingredients VALUES(98,'Nectarine',NULL);
INSERT INTO ingredients VALUES(99,'Olives',NULL);
INSERT INTO ingredients VALUES(100,'Orange',NULL);
INSERT INTO ingredients VALUES(101,'Papaya',NULL);
INSERT INTO ingredients VALUES(102,'Passion Fruit',NULL);
INSERT INTO ingredients VALUES(103,'White Peach',NULL);
INSERT INTO ingredients VALUES(104,'Yellow Peach',NULL);
INSERT INTO ingredients VALUES(105,'Pear',NULL);
INSERT INTO ingredients VALUES(106,'Nashi Pear',NULL);
INSERT INTO ingredients VALUES(107,'Persimmon',NULL);
INSERT INTO ingredients VALUES(108,'Dragonfruit',NULL);
INSERT INTO ingredients VALUES(109,'Pineapple',NULL);
INSERT INTO ingredients VALUES(110,'Pitanga',NULL);
INSERT INTO ingredients VALUES(111,'Plantain',NULL);
INSERT INTO ingredients VALUES(112,'Plum',NULL);
INSERT INTO ingredients VALUES(113,'Pomegranate',NULL);
INSERT INTO ingredients VALUES(114,'Prickly Pear',NULL);
INSERT INTO ingredients VALUES(115,'Prunes',NULL);
INSERT INTO ingredients VALUES(116,'Pomelo',NULL);
INSERT INTO ingredients VALUES(117,'Quince',NULL);
INSERT INTO ingredients VALUES(118,'Raspberries',NULL);
INSERT INTO ingredients VALUES(119,'Rhubarb',NULL);
INSERT INTO ingredients VALUES(120,'Rose Apple',NULL);
INSERT INTO ingredients VALUES(121,'Sapodilla',NULL);
INSERT INTO ingredients VALUES(122,'Sapote',NULL);
INSERT INTO ingredients VALUES(123,'Soursop',NULL);
INSERT INTO ingredients VALUES(124,'Strawberry',NULL);
INSERT INTO ingredients VALUES(125,'Sugar Apple',NULL);
INSERT INTO ingredients VALUES(126,'Tamarind',NULL);
INSERT INTO ingredients VALUES(127,'Tangerine',NULL);
INSERT INTO ingredients VALUES(128,'Watermelon',NULL);
INSERT INTO ingredients VALUES(129,'Sunrise Lime',NULL);
INSERT INTO ingredients VALUES(130,'Winter Melon',NULL);
INSERT INTO ingredients VALUES(131,'Kaffir Lime',NULL);
INSERT INTO ingredients VALUES(132,'Angelica',NULL);
INSERT INTO ingredients VALUES(133,'Anise',NULL);
INSERT INTO ingredients VALUES(134,'Asafoetida',NULL);
INSERT INTO ingredients VALUES(135,'Bay Leaf',NULL);
INSERT INTO ingredients VALUES(136,'Basil',NULL);
INSERT INTO ingredients VALUES(137,'Bergamot',NULL);
INSERT INTO ingredients VALUES(138,'Black Cumin',NULL);
INSERT INTO ingredients VALUES(139,'Black Mustard',NULL);
INSERT INTO ingredients VALUES(140,'Black Pepper',NULL);
INSERT INTO ingredients VALUES(141,'Borage',NULL);
INSERT INTO ingredients VALUES(142,'Brown Mustard',NULL);
INSERT INTO ingredients VALUES(143,'Burnet',NULL);
INSERT INTO ingredients VALUES(144,'Caraway',NULL);
INSERT INTO ingredients VALUES(145,'Cardamom',NULL);
INSERT INTO ingredients VALUES(146,'Cassia',NULL);
INSERT INTO ingredients VALUES(147,'Catnip',NULL);
INSERT INTO ingredients VALUES(148,'Cayenne Pepper',NULL);
INSERT INTO ingredients VALUES(149,'Celery Seed',NULL);
INSERT INTO ingredients VALUES(150,'Chervil',NULL);
INSERT INTO ingredients VALUES(151,'Chicory',NULL);
INSERT INTO ingredients VALUES(152,'Chili Pepper',NULL);
INSERT INTO ingredients VALUES(153,'Chives',NULL);
INSERT INTO ingredients VALUES(154,'Cicely',NULL);
INSERT INTO ingredients VALUES(155,'Cilantro',NULL);
INSERT INTO ingredients VALUES(156,'Cinnamon',NULL);
INSERT INTO ingredients VALUES(157,'Clove',NULL);
INSERT INTO ingredients VALUES(158,'Coriander',NULL);
INSERT INTO ingredients VALUES(159,'Costmary',NULL);
INSERT INTO ingredients VALUES(160,'Cumin',NULL);
INSERT INTO ingredients VALUES(161,'Dill',NULL);
INSERT INTO ingredients VALUES(162,'Fennel',NULL);
INSERT INTO ingredients VALUES(163,'Fenugreek',NULL);
INSERT INTO ingredients VALUES(164,'Filé',NULL);
INSERT INTO ingredients VALUES(165,'Ginger',NULL);
INSERT INTO ingredients VALUES(166,'Holy Basil',NULL);
INSERT INTO ingredients VALUES(167,'Horehound',NULL);
INSERT INTO ingredients VALUES(168,'Horseradish',NULL);
INSERT INTO ingredients VALUES(169,'Hyssop',NULL);
INSERT INTO ingredients VALUES(170,'Lavender',NULL);
INSERT INTO ingredients VALUES(171,'Lemon Balm',NULL);
INSERT INTO ingredients VALUES(172,'Lemon Grass',NULL);
INSERT INTO ingredients VALUES(173,'Lemon Verbena',NULL);
INSERT INTO ingredients VALUES(174,'Licorice',NULL);
INSERT INTO ingredients VALUES(175,'Lovage',NULL);
INSERT INTO ingredients VALUES(176,'Mace',NULL);
INSERT INTO ingredients VALUES(177,'Marjoram',NULL);
INSERT INTO ingredients VALUES(178,'Nutmeg',NULL);
INSERT INTO ingredients VALUES(179,'Oregano',NULL);
INSERT INTO ingredients VALUES(180,'Paprika',NULL);
INSERT INTO ingredients VALUES(181,'Parsley',NULL);
INSERT INTO ingredients VALUES(182,'Peppermint',NULL);
INSERT INTO ingredients VALUES(183,'Poppy Seed',NULL);
INSERT INTO ingredients VALUES(184,'Rosemary',NULL);
INSERT INTO ingredients VALUES(185,'Rue',NULL);
INSERT INTO ingredients VALUES(186,'Saffron',NULL);
INSERT INTO ingredients VALUES(187,'Sesame',NULL);
INSERT INTO ingredients VALUES(188,'Sorrel',NULL);
INSERT INTO ingredients VALUES(189,'Star Anise',NULL);
INSERT INTO ingredients VALUES(190,'Spearmint',NULL);
INSERT INTO ingredients VALUES(191,'Tarragon',NULL);
INSERT INTO ingredients VALUES(192,'Thyme',NULL);
INSERT INTO ingredients VALUES(193,'Tumeric',NULL);
INSERT INTO ingredients VALUES(194,'Vanilla',NULL);
INSERT INTO ingredients VALUES(195,'Wasabi',NULL);
INSERT INTO ingredients VALUES(196,'White Mustard',NULL);
INSERT INTO ingredients VALUES(197,'Amaranth Leaves',NULL);
INSERT INTO ingredients VALUES(198,'Arrowroot',NULL);
INSERT INTO ingredients VALUES(199,'Artichoke',NULL);
INSERT INTO ingredients VALUES(200,'Arugula',NULL);
INSERT INTO ingredients VALUES(201,'Asparagus',NULL);
INSERT INTO ingredients VALUES(202,'Bamboo Shoots',NULL);
INSERT INTO ingredients VALUES(203,'Green Beans',NULL);
INSERT INTO ingredients VALUES(204,'Beetroot',NULL);
INSERT INTO ingredients VALUES(205,'Bitter Melon',NULL);
INSERT INTO ingredients VALUES(206,'Bok Choy ',NULL);
INSERT INTO ingredients VALUES(207,'Fava Beans',NULL);
INSERT INTO ingredients VALUES(208,'Broccoli',NULL);
INSERT INTO ingredients VALUES(209,'Broccoli Rabe',NULL);
INSERT INTO ingredients VALUES(210,'Brussel Sprouts',NULL);
INSERT INTO ingredients VALUES(211,'Green Cabbage',NULL);
INSERT INTO ingredients VALUES(212,'Red Cabbage',NULL);
INSERT INTO ingredients VALUES(213,'Carrot',NULL);
INSERT INTO ingredients VALUES(214,'Cassava',NULL);
INSERT INTO ingredients VALUES(215,'Cauliflower',NULL);
INSERT INTO ingredients VALUES(216,'Celery Root',NULL);
INSERT INTO ingredients VALUES(217,'Celery',NULL);
INSERT INTO ingredients VALUES(218,'Chayote',NULL);
INSERT INTO ingredients VALUES(220,'Collards',NULL);
INSERT INTO ingredients VALUES(221,'Corn',NULL);
INSERT INTO ingredients VALUES(222,'Crookneck',NULL);
INSERT INTO ingredients VALUES(223,'Cucumber',NULL);
INSERT INTO ingredients VALUES(224,'Daikon',NULL);
INSERT INTO ingredients VALUES(225,'Dandelion Greens',NULL);
INSERT INTO ingredients VALUES(226,'Edamame',NULL);
INSERT INTO ingredients VALUES(227,'Eggplant',NULL);
INSERT INTO ingredients VALUES(228,'Endives',NULL);
INSERT INTO ingredients VALUES(229,'Fiddleheads',NULL);
INSERT INTO ingredients VALUES(230,'Jicama',NULL);
INSERT INTO ingredients VALUES(231,'Kale',NULL);
INSERT INTO ingredients VALUES(232,'Kohlrabi',NULL);
INSERT INTO ingredients VALUES(233,'Leeks',NULL);
INSERT INTO ingredients VALUES(234,'Iceberg Lettuce',NULL);
INSERT INTO ingredients VALUES(235,'Lettuce Leaf',NULL);
INSERT INTO ingredients VALUES(236,'Romaine Lettuce',NULL);
INSERT INTO ingredients VALUES(237,'Mushrooms',NULL);
INSERT INTO ingredients VALUES(238,'Mustard Greens',NULL);
INSERT INTO ingredients VALUES(239,'Okra',NULL);
INSERT INTO ingredients VALUES(240,'Red Onion',NULL);
INSERT INTO ingredients VALUES(241,'Brown Onions',NULL);
INSERT INTO ingredients VALUES(242,'Parsnip',NULL);
INSERT INTO ingredients VALUES(243,'Green Peas',NULL);
INSERT INTO ingredients VALUES(244,'Green Pepper',NULL);
INSERT INTO ingredients VALUES(245,'Sweet Red Pepper',NULL);
INSERT INTO ingredients VALUES(246,'Red Potato',NULL);
INSERT INTO ingredients VALUES(247,'White Potato',NULL);
INSERT INTO ingredients VALUES(248,'Yellow Potato',NULL);
INSERT INTO ingredients VALUES(249,'Potato',NULL);
INSERT INTO ingredients VALUES(250,'Radiccio',NULL);
INSERT INTO ingredients VALUES(251,'Radishes',NULL);
INSERT INTO ingredients VALUES(252,'Pumpkin',NULL);
INSERT INTO ingredients VALUES(253,'Rutabaga',NULL);
INSERT INTO ingredients VALUES(254,'Salsify',NULL);
INSERT INTO ingredients VALUES(255,'Onion Shallots',NULL);
INSERT INTO ingredients VALUES(256,'Snow Peas',NULL);
INSERT INTO ingredients VALUES(257,'Spaghetti Squash',NULL);
INSERT INTO ingredients VALUES(258,'Spinach',NULL);
INSERT INTO ingredients VALUES(259,'Butternut Squash',NULL);
INSERT INTO ingredients VALUES(260,'Squash',NULL);
INSERT INTO ingredients VALUES(261,'Sugar Snap Peas',NULL);
INSERT INTO ingredients VALUES(262,'Peas',NULL);
INSERT INTO ingredients VALUES(263,'Sweet Potato',NULL);
INSERT INTO ingredients VALUES(264,'Swiss Chard',NULL);
INSERT INTO ingredients VALUES(265,'Tomatillo',NULL);
INSERT INTO ingredients VALUES(266,'Tomato',NULL);
INSERT INTO ingredients VALUES(267,'Turnip',NULL);
INSERT INTO ingredients VALUES(268,'Watercress',NULL);
INSERT INTO ingredients VALUES(269,'Yam Root',NULL);
INSERT INTO ingredients VALUES(270,'Zucchini',NULL);
INSERT INTO ingredients VALUES(271,'Black Tea',NULL);
INSERT INTO ingredients VALUES(272,'Assam Black Tea',NULL);
INSERT INTO ingredients VALUES(273,'Ceylon Black Tea',NULL);
INSERT INTO ingredients VALUES(274,'China Keemun Black Tea',NULL);
INSERT INTO ingredients VALUES(275,'Darjeeling Black Tea',NULL);
INSERT INTO ingredients VALUES(276,'English Breakafast Tea',NULL);
INSERT INTO ingredients VALUES(277,'Irish Breakfast Tea',NULL);
INSERT INTO ingredients VALUES(278,'Golden Yunnan Black Tea',NULL);
INSERT INTO ingredients VALUES(279,'Japanese Wakoucha Black Tea',NULL);
INSERT INTO ingredients VALUES(280,'Lapsang Souchong Black Tea',NULL);
INSERT INTO ingredients VALUES(281,'Nepalese Gold Black Tea',NULL);
INSERT INTO ingredients VALUES(282,'Nilgiri Black Tea',NULL);
INSERT INTO ingredients VALUES(283,'Star of India Black Tea',NULL);
INSERT INTO ingredients VALUES(284,'Vietnamese Golden Tips Black Tea',NULL);
INSERT INTO ingredients VALUES(285,'Earl Grey Tea',NULL);
INSERT INTO ingredients VALUES(286,'French Earl Grey Tea',NULL);
INSERT INTO ingredients VALUES(287,'Lavender Earl Grey Tea',NULL);
INSERT INTO ingredients VALUES(288,'Masala Chai Black Tea',NULL);
INSERT INTO ingredients VALUES(289,'Green Tea',NULL);
INSERT INTO ingredients VALUES(290,'Matcha',NULL);
INSERT INTO ingredients VALUES(291,'Hojicha',NULL);
INSERT INTO ingredients VALUES(292,'Chun Mee Green Tea',NULL);
INSERT INTO ingredients VALUES(293,'Dragon Well Superior Green Tea',NULL);
INSERT INTO ingredients VALUES(294,'Gunpowder Green Tea',NULL);
INSERT INTO ingredients VALUES(295,'Jasmin Green Tea',NULL);
INSERT INTO ingredients VALUES(296,'Bancha Green Tea',NULL);
INSERT INTO ingredients VALUES(297,'Genmaicha Green Tea',NULL);
INSERT INTO ingredients VALUES(298,'Gyokuro Green Tea',NULL);
INSERT INTO ingredients VALUES(299,'Kabusecha Green Tea',NULL);
INSERT INTO ingredients VALUES(300,'Kukicha Green Tea',NULL);
INSERT INTO ingredients VALUES(301,'Sencha Green Tea',NULL);
INSERT INTO ingredients VALUES(302,'Sincha Green Tea',NULL);
INSERT INTO ingredients VALUES(303,'Oolong Tea',NULL);
INSERT INTO ingredients VALUES(304,'Ti Kuan Yin Oolong Tea',NULL);
INSERT INTO ingredients VALUES(305,'Jade Song Oolong Tea',NULL);
INSERT INTO ingredients VALUES(306,'Milk Oolong Tea',NULL);
INSERT INTO ingredients VALUES(307,'Ginseng Oolong Tea',NULL);
INSERT INTO ingredients VALUES(308,'White Tea',NULL);
INSERT INTO ingredients VALUES(309,'Jasmine Silver Neede White Tea',NULL);
INSERT INTO ingredients VALUES(310,'White Peony White Tea',NULL);
INSERT INTO ingredients VALUES(311,'Bashan Silver Tip White Tea',NULL);
INSERT INTO ingredients VALUES(312,'Herbal Tea',NULL);
INSERT INTO ingredients VALUES(313,'Peppermint Tea',NULL);
INSERT INTO ingredients VALUES(314,'Spearmint Tea',NULL);
INSERT INTO ingredients VALUES(315,'Gold Herbal Tea',NULL);
INSERT INTO ingredients VALUES(316,'Butterfly Pea Flower Tea',NULL);
INSERT INTO ingredients VALUES(317,'Chamomile Tea',NULL);
INSERT INTO ingredients VALUES(318,'Hibiscus Tea',NULL);
INSERT INTO ingredients VALUES(319,'Gin',NULL);
INSERT INTO ingredients VALUES(320,'Big River Distillery, Canberra Dry Gin',NULL);
INSERT INTO ingredients VALUES(321,'Big River Distillery, Cinn Gin',NULL);
INSERT INTO ingredients VALUES(322,'Big River Distillery, Pink Gin',NULL);
INSERT INTO ingredients VALUES(323,'Canberra Distillery, Blood Orange Gin',NULL);
INSERT INTO ingredients VALUES(324,'Canberra Distillery, Canberra Gin',NULL);
INSERT INTO ingredients VALUES(325,'Canberra Distillery, French Earl Grey Gin',NULL);
INSERT INTO ingredients VALUES(326,'Canberra Distillery, Sloe Gin',NULL);
INSERT INTO ingredients VALUES(327,'Canberra Distillery, Summer Gin',NULL);
INSERT INTO ingredients VALUES(328,'Canberra Distillery, Truffle Gin',NULL);
INSERT INTO ingredients VALUES(329,'Canberra Distillery, WinterGin',NULL);
INSERT INTO ingredients VALUES(330,'Underground Spirits, Ad Cresendum Native Gin',NULL);
INSERT INTO ingredients VALUES(331,'Underground Spirits, Gin',NULL);
INSERT INTO ingredients VALUES(332,'Underground Spirits, Shiraz and Pepperberry Gin',NULL);
INSERT INTO ingredients VALUES(333,'Underground Spirits, EnGINeered Gin',NULL);
INSERT INTO ingredients VALUES(334,'Australian Distilling Co, Adelaide Gin',NULL);
INSERT INTO ingredients VALUES(335,'Australian Distilling Co, Australian Gin',NULL);
INSERT INTO ingredients VALUES(336,'Australian Distilling Co, Australian Navy Gin',NULL);
INSERT INTO ingredients VALUES(337,'Australian Distilling Co, Bondi Gin',NULL);
INSERT INTO ingredients VALUES(338,'Australian Distilling Co, Brisbane Gin',NULL);
INSERT INTO ingredients VALUES(339,'Australian Distilling Co, Darwin Craft Gin',NULL);
INSERT INTO ingredients VALUES(340,'Australian Distilling Co, Fremantle Gin',NULL);
INSERT INTO ingredients VALUES(341,'Australian Distilling Co, Geelong Gin',NULL);
INSERT INTO ingredients VALUES(342,'Australian Distilling Co, Gold Coast Gin',NULL);
INSERT INTO ingredients VALUES(343,'Australian Distilling Co, Melbourne Gin',NULL);
INSERT INTO ingredients VALUES(344,'Australian Distilling Co, Perth Gin',NULL);
INSERT INTO ingredients VALUES(345,'Australian Distilling Co, Rhapsody Ruby Gin',NULL);
INSERT INTO ingredients VALUES(346,'Australian Distilling Co, Shiraz Gin',NULL);
INSERT INTO ingredients VALUES(347,'Australian Distilling Co, Sydney Gin',NULL);
INSERT INTO ingredients VALUES(348,'Antipodes Gin, Antipodes Gin',NULL);
INSERT INTO ingredients VALUES(349,'Antipodes Gin, Antipodes Pink Gin',NULL);
INSERT INTO ingredients VALUES(350,'Archie Rose Distilling Co., Signature Dry Gin',NULL);
INSERT INTO ingredients VALUES(351,'Archie Rose Distilling Co., Distillers Strength Gin',NULL);
INSERT INTO ingredients VALUES(352,'Baker Williams Distillery, Gin X-XLR',NULL);
INSERT INTO ingredients VALUES(353,'Baker Williams Distillery, Navy Strength X-XLR',NULL);
INSERT INTO ingredients VALUES(354,'Banks & Solander, Signature Gin',NULL);
INSERT INTO ingredients VALUES(355,'Bathurst Grange Distillery, Australian Dry Gin',NULL);
INSERT INTO ingredients VALUES(356,'Bathurst Grange Distillery, Blue Mountain Gin',NULL);
INSERT INTO ingredients VALUES(357,'Bathurst Grange Distillery, Chilli Chocolate Gin',NULL);
INSERT INTO ingredients VALUES(358,'Bathurst Grange Distillery, Rose Garden Gin',NULL);
INSERT INTO ingredients VALUES(359,'Bondi Liquor Co., Original Gin',NULL);
INSERT INTO ingredients VALUES(360,'Bondi Liquor Co., Citrus Gin',NULL);
INSERT INTO ingredients VALUES(361,'Bondi Liquor Co., Rhubarb Gin',NULL);
INSERT INTO ingredients VALUES(362,'Bluestill Distillery, Country Dry Gin',NULL);
INSERT INTO ingredients VALUES(363,'Broken Hill Distillery, Far West Gin',NULL);
INSERT INTO ingredients VALUES(364,'Broken Hill Distillery, Gunpowder Gin',NULL);
INSERT INTO ingredients VALUES(365,'Buffalo Vale Distillery, Clair de Lune Gin',NULL);
INSERT INTO ingredients VALUES(366,'Buffalo Vale Distillery, Clair de Lune Extreme Gin',NULL);
INSERT INTO ingredients VALUES(367,'Byron Bay Spirits Company, Byron Bay Spirits Dry Gin',NULL);
INSERT INTO ingredients VALUES(368,'Byron Bay Spirits Company, Byron Bees Honey Gin',NULL);
INSERT INTO ingredients VALUES(369,'Cape Byron Distillery, Brookie''s Byron Dry Gin',NULL);
INSERT INTO ingredients VALUES(370,'Cape Byron Distillery, Brookie''s Byron Sloe Gin',NULL);
INSERT INTO ingredients VALUES(371,'Clarence Distillery, The Duke',NULL);
INSERT INTO ingredients VALUES(372,'Clarence Distillery, Ruby Rosella Gin',NULL);
INSERT INTO ingredients VALUES(373,'Clarence Distillery, Peachy Gin',NULL);
INSERT INTO ingredients VALUES(374,'Craft Works Distillery, Caper Tree Gin',NULL);
INSERT INTO ingredients VALUES(375,'Critters Distillery, Critters Gin',NULL);
INSERT INTO ingredients VALUES(376,'Demoiselle Distillery, Afternoon Haze Cab Sav Gin',NULL);
INSERT INTO ingredients VALUES(377,'Demoiselle Distillery, Afternoon Haze Dry Gin',NULL);
INSERT INTO ingredients VALUES(378,'Distillery Botanica, Moore''s Distillers Cut Juniper Gin',NULL);
INSERT INTO ingredients VALUES(379,'Distillery Botanica, Moore''s Dry Gin',NULL);
INSERT INTO ingredients VALUES(380,'Distillery Botanica, Roots and Leaves Dry Gin',NULL);
INSERT INTO ingredients VALUES(381,'Dobson''s Distillery, Dobson''s Blush Gin',NULL);
INSERT INTO ingredients VALUES(382,'Dobson''s Distillery, Dobson''s  Gin',NULL);
INSERT INTO ingredients VALUES(383,'Dobson''s Distillery, Sumac Gin',NULL);
INSERT INTO ingredients VALUES(384,'Dobson''s Distillery, Sweet Pea Gin',NULL);
INSERT INTO ingredients VALUES(385,'Earp Distilling Co., Just Juniper',NULL);
INSERT INTO ingredients VALUES(386,'Earp Distilling Co., No. 8 Dry Gin',NULL);
INSERT INTO ingredients VALUES(387,'Earp Distilling Co., Portside Gin',NULL);
INSERT INTO ingredients VALUES(388,'Emerald Island Distillery, Premium Dry Gin',NULL);
INSERT INTO ingredients VALUES(389,'Emerald Island Distillery, Mirage Gin',NULL);
INSERT INTO ingredients VALUES(390,'Emerald Island Distillery, Barrel-Aged Gin',NULL);
INSERT INTO ingredients VALUES(391,'Emerald Island Distillery, Berry Slow Gin',NULL);
INSERT INTO ingredients VALUES(392,'Emerald Island Distillery, Ginger Bee Gin',NULL);
INSERT INTO ingredients VALUES(393,'Emerald Island Distillery, Spce Chest Gin',NULL);
INSERT INTO ingredients VALUES(394,'Ester Spirits, Dry Gin',NULL);
INSERT INTO ingredients VALUES(395,'Ester Spirits, Strong Gin',NULL);
INSERT INTO ingredients VALUES(396,'Farmer''s Wife Distillery, Autumn Dry Gin',NULL);
INSERT INTO ingredients VALUES(397,'Garden Grown Spirits, Garden Grown Gin',NULL);
INSERT INTO ingredients VALUES(398,'Glen Gowrie Distillery, Blueberry Gin',NULL);
INSERT INTO ingredients VALUES(399,'Glen Gowrie Distillery, Bushranger Gin',NULL);
INSERT INTO ingredients VALUES(400,'Glen Gowrie Distillery, Hey June Juniper Gin',NULL);
INSERT INTO ingredients VALUES(401,'Glen Gowrie Distillery, Highlands Gin',NULL);
INSERT INTO ingredients VALUES(402,'Glen Gowrie Distillery, Lime Gin',NULL);
INSERT INTO ingredients VALUES(403,'Glen Gowrie Distillery, Mountain Man',NULL);
INSERT INTO ingredients VALUES(404,'Headlands Distilling Company, Mt and Sea Gin',NULL);
INSERT INTO ingredients VALUES(405,'Headlands Distilling Company, Tidal Lines - Illawarra Plum Infused Gin',NULL);
INSERT INTO ingredients VALUES(406,'Hemp Gin Co., HG Hemp Gin',NULL);
INSERT INTO ingredients VALUES(407,'Hickson House Distillery, Australian Dry Gin',NULL);
INSERT INTO ingredients VALUES(408,'Hickson House Distillery, London Dry Gin',NULL);
INSERT INTO ingredients VALUES(409,'Hickson House Distillery, Harbour Strength Gin ',NULL);
INSERT INTO ingredients VALUES(410,'Hunter Distillery, Copperware Gin',NULL);
INSERT INTO ingredients VALUES(411,'Hunter Distillery, Jailhouse Gin ',NULL);
INSERT INTO ingredients VALUES(412,'Hunter Distillery, Mystery Gin ',NULL);
INSERT INTO ingredients VALUES(413,'Hunter Distillery, Native Gin',NULL);
INSERT INTO ingredients VALUES(414,'Husk Distillers, Ink Gin',NULL);
INSERT INTO ingredients VALUES(415,'Husk Distillers, Sloe and Berry Gin',NULL);
INSERT INTO ingredients VALUES(416,'Impression Gin, Impression Gin',NULL);
INSERT INTO ingredients VALUES(417,'Joadja Distilling, Joadja Dry Gin',NULL);
INSERT INTO ingredients VALUES(418,'Joadja Distilling, Joadja Highland Gin',NULL);
INSERT INTO ingredients VALUES(419,'Jones and Smith Distillery, Epoch Cherry Gin',NULL);
INSERT INTO ingredients VALUES(420,'Jones and Smith Distillery, Epoch Navy Strength Gin',NULL);
INSERT INTO ingredients VALUES(421,'Jones and Smith Distillery, Epoch Signature Dry Gin',NULL);
INSERT INTO ingredients VALUES(422,'Jones and Smith Distillery, Epoch Sloe Gin',NULL);
INSERT INTO ingredients VALUES(423,'Karu Distillery, Affinity Gin',NULL);
INSERT INTO ingredients VALUES(424,'Karu Distillery, Lightning Gin',NULL);
INSERT INTO ingredients VALUES(425,'Kings Cross Distillery, Kings Cross Australian Gin',NULL);
INSERT INTO ingredients VALUES(426,'Kings Cross Distillery, Kings Cross Garden Island Navy Strength Gin',NULL);
INSERT INTO ingredients VALUES(427,'Ladbroken Distilling Co., Eliksir Blood Orange Gin',NULL);
INSERT INTO ingredients VALUES(428,'Ladbroken Distilling Co., Eliksir Signature Gin',NULL);
INSERT INTO ingredients VALUES(429,'Lord Howe Island Distilling Co, Wild Lemon and Hibiscus Gin',NULL);
INSERT INTO ingredients VALUES(430,'Lord Howe Island Distilling Co, Wolf Rock Navy Strength Gin',NULL);
INSERT INTO ingredients VALUES(431,'Magpie Distilling, Autumn Harvest Gin',NULL);
INSERT INTO ingredients VALUES(432,'Magpie Distilling, Murrundi Dry Gin',NULL);
INSERT INTO ingredients VALUES(433,'Magpie Distilling, Wildfire Gin',NULL);
INSERT INTO ingredients VALUES(434,'Manly Spirits, Australian Dry Gin',NULL);
INSERT INTO ingredients VALUES(435,'Manly Spirits, Barrel Aged Gin',NULL);
INSERT INTO ingredients VALUES(436,'Manly Spirits, Coastal Citrus Gin',NULL);
INSERT INTO ingredients VALUES(437,'Manly Spirits, Lily Pilly Pink Gin',NULL);
INSERT INTO ingredients VALUES(438,'Maria River Distillery, Dry Gin',NULL);
INSERT INTO ingredients VALUES(439,'Maria River Distillery, MRD Gin',NULL);
INSERT INTO ingredients VALUES(440,'Maria River Distillery, Ginello',NULL);
INSERT INTO ingredients VALUES(441,'Mobius Distilling Co., 2204 Marrickville Dry Gin',NULL);
INSERT INTO ingredients VALUES(442,'Mobius Distilling Co., The Company You Keep Gin',NULL);
INSERT INTO ingredients VALUES(443,'Murray''s Brewing Co., East Coast Gin',NULL);
INSERT INTO ingredients VALUES(444,'Murray''s Brewing Co., Frisky Whisker Gin',NULL);
INSERT INTO ingredients VALUES(445,'Murray''s Brewing Co., Gin Sin',NULL);
INSERT INTO ingredients VALUES(446,'New Australian Spirits Co., Wild Wombat Gin',NULL);
INSERT INTO ingredients VALUES(447,'New Australian Spirits Co., Bush Leaves Gin 1',NULL);
INSERT INTO ingredients VALUES(448,'New Australian Spirits Co., Bush Leaves Gin 2',NULL);
INSERT INTO ingredients VALUES(449,'New Australian Spirits Co., Wild Wombat Sloe Gin',NULL);
INSERT INTO ingredients VALUES(450,'Newcastle Distilling Co., Bathtub Gin',NULL);
INSERT INTO ingredients VALUES(451,'Newcastle Distilling Co., Dry Gin',NULL);
INSERT INTO ingredients VALUES(452,'Newcastle Distilling Co., Infusion Gin: Strawberery',NULL);
INSERT INTO ingredients VALUES(453,'Newy Distillery, Signature',NULL);
INSERT INTO ingredients VALUES(454,'Newy Distillery, Coal Mine Strength',NULL);
INSERT INTO ingredients VALUES(455,'Newy Distillery, Australiana Gin',NULL);
INSERT INTO ingredients VALUES(456,'Newy Distillery, Berry Pink',NULL);
INSERT INTO ingredients VALUES(457,'Newy Distillery, Blue',NULL);
INSERT INTO ingredients VALUES(458,'Newy Distillery, Butterfly Pea',NULL);
INSERT INTO ingredients VALUES(459,'Newy Distillery, Passionfruit',NULL);
INSERT INTO ingredients VALUES(460,'Newy Distillery, Pink',NULL);
INSERT INTO ingredients VALUES(461,'Newy Distillery, Pumpkin Spice',NULL);
INSERT INTO ingredients VALUES(462,'Newy Distillery, Purple',NULL);
INSERT INTO ingredients VALUES(463,'Newy Distillery, Sky Blue',NULL);
INSERT INTO ingredients VALUES(464,'Newy Distillery, Spice Explorer',NULL);
INSERT INTO ingredients VALUES(465,'Newy Distillery, Turqoise',NULL);
INSERT INTO ingredients VALUES(466,'Newy Distillery, White Gin',NULL);
INSERT INTO ingredients VALUES(467,'North of Eden Gin, The Admiral',NULL);
INSERT INTO ingredients VALUES(468,'North of Eden Gin, The Classic',NULL);
INSERT INTO ingredients VALUES(469,'North of Eden Gin, The Connoisseur',NULL);
INSERT INTO ingredients VALUES(470,'North of Eden Gin, Oyster Shell Gin',NULL);
INSERT INTO ingredients VALUES(471,'Pants Off Distillery, Original Gin',NULL);
INSERT INTO ingredients VALUES(472,'Pants Off Distillery, Fancy Pants Gin',NULL);
INSERT INTO ingredients VALUES(473,'Pants Off Distillery, Pants on Fire Gin',NULL);
INSERT INTO ingredients VALUES(474,'Parrot Distilling Co., The OG',NULL);
INSERT INTO ingredients VALUES(475,'Parrot Distilling Co., Forager''s Blend',NULL);
INSERT INTO ingredients VALUES(476,'Parrot Distilling Co., Parrot Dry Gin',NULL);
INSERT INTO ingredients VALUES(477,'Parrot Distilling Co., Uncaged'' OP Gin',NULL);
INSERT INTO ingredients VALUES(478,'Poor Toms, Fool''s Cut',NULL);
INSERT INTO ingredients VALUES(479,'Poor Toms, Strawberry Gin',NULL);
INSERT INTO ingredients VALUES(480,'Poor Toms, Sydney Dry',NULL);
INSERT INTO ingredients VALUES(481,'Vodka',NULL);
INSERT INTO ingredients VALUES(482,'Absolut Vodka',NULL);
INSERT INTO ingredients VALUES(483,'Absolut Vanilla Vodka',NULL);
INSERT INTO ingredients VALUES(484,'Absolut Lime Vodka',NULL);
INSERT INTO ingredients VALUES(485,'Absolut Kurrant Vodka',NULL);
INSERT INTO ingredients VALUES(486,'Absolut Drop Vodka',NULL);
INSERT INTO ingredients VALUES(487,'Absolut Elyx Vodka',NULL);
INSERT INTO ingredients VALUES(488,'Absolut Mandarin Vodka',NULL);
INSERT INTO ingredients VALUES(489,'Absolut Herba Lemon Vodka',NULL);
INSERT INTO ingredients VALUES(490,'Absolut Extrakt Cardamom Vodka',NULL);
INSERT INTO ingredients VALUES(491,'Absolut Smokey Tea Vodka',NULL);
INSERT INTO ingredients VALUES(492,'Absolut Mango Vodka',NULL);
INSERT INTO ingredients VALUES(493,'Absolut Pears Vodka',NULL);
INSERT INTO ingredients VALUES(494,'Absolut Raspberri Vodka',NULL);
INSERT INTO ingredients VALUES(495,'Absolut Citron Vodka',NULL);
INSERT INTO ingredients VALUES(496,'Aivy Black Vodka',NULL);
INSERT INTO ingredients VALUES(497,'Arbiki Nadar Vodka',NULL);
INSERT INTO ingredients VALUES(498,'Arbiki Haar Vodka',NULL);
INSERT INTO ingredients VALUES(499,'Arbikie Strawberry Vodka',NULL);
INSERT INTO ingredients VALUES(500,'Arbikie Tattie Bogle Potato Vodka',NULL);
INSERT INTO ingredients VALUES(501,'Assaranca Vodka',NULL);
INSERT INTO ingredients VALUES(502,'Au Vodka',NULL);
INSERT INTO ingredients VALUES(503,'Audemus Umami Spirit',NULL);
INSERT INTO ingredients VALUES(504,'Aval Dor Cornish Rosemary & Bay Vodka',NULL);
INSERT INTO ingredients VALUES(505,'Aval Dor x Emily Scott Citrus Vodka',NULL);
INSERT INTO ingredients VALUES(506,'Aval Dor Seaberry Vodka',NULL);
INSERT INTO ingredients VALUES(507,'Aval Dor Vanilla Vodka',NULL);
INSERT INTO ingredients VALUES(508,'Aval Dor Rose and Hibiscus Vodka',NULL);
INSERT INTO ingredients VALUES(509,'Aval Dor Cornish Vodka',NULL);
INSERT INTO ingredients VALUES(510,'Babicka Wormwood Vodka',NULL);
INSERT INTO ingredients VALUES(511,'Baczewski Vodka Monoplowa',NULL);
INSERT INTO ingredients VALUES(512,'Baczewski Orange Vodka',NULL);
INSERT INTO ingredients VALUES(513,'Baczewski Blackberry Vodka',NULL);
INSERT INTO ingredients VALUES(514,'Badachro Dancing Puffin Vodka',NULL);
INSERT INTO ingredients VALUES(515,'Balkan 176 Vodka',NULL);
INSERT INTO ingredients VALUES(516,'Ballast Point Fugu Pina Vodka',NULL);
INSERT INTO ingredients VALUES(517,'Ballast Point Fugu Jamaica Vodka',NULL);
INSERT INTO ingredients VALUES(518,'Baller Chilli Bacon Vodka',NULL);
INSERT INTO ingredients VALUES(519,'Baller Vodka',NULL);
INSERT INTO ingredients VALUES(520,'Belvedere Vodka',NULL);
INSERT INTO ingredients VALUES(521,'Belvedere Heritage 176',NULL);
INSERT INTO ingredients VALUES(522,'Belvedere Ginger Zest',NULL);
INSERT INTO ingredients VALUES(523,'Belvedere Organic Infusions Blackberry and Lemongrass Vodka',NULL);
INSERT INTO ingredients VALUES(524,'Belvedere Organic Infusions Pear and Ginger Vodka',NULL);
INSERT INTO ingredients VALUES(525,'Belvedere Organic Infusions Lemon and Basil Vodka',NULL);
INSERT INTO ingredients VALUES(526,'Bimber Blackcurrant Infused Vodka',NULL);
INSERT INTO ingredients VALUES(527,'Bimber Blackberry Infused Vodka',NULL);
INSERT INTO ingredients VALUES(528,'Bistro Vodka',NULL);
INSERT INTO ingredients VALUES(529,'Black Cow Vodka',NULL);
INSERT INTO ingredients VALUES(530,'Black Cor English Strawberries Vodka',NULL);
INSERT INTO ingredients VALUES(531,'BlackLion Rare Sheep''s Milk Vodka',NULL);
INSERT INTO ingredients VALUES(532,'Blackwoods Botanical Vodka',NULL);
INSERT INTO ingredients VALUES(533,'Blavod Vodka',NULL);
INSERT INTO ingredients VALUES(534,'Blue Lie Vodka',NULL);
INSERT INTO ingredients VALUES(535,'Boatyard Vodka',NULL);
INSERT INTO ingredients VALUES(536,'Bone Idyll Vodka',NULL);
INSERT INTO ingredients VALUES(537,'Brecon Five Vodka',NULL);
INSERT INTO ingredients VALUES(538,'Brennan & Brown Vodka with a hint of Cardamom & Plum',NULL);
INSERT INTO ingredients VALUES(539,'Brokn Clock English Vodka',NULL);
INSERT INTO ingredients VALUES(540,'Bullet Toffee Vodka Spirit',NULL);
INSERT INTO ingredients VALUES(541,'Cariel Vanilla Vodka',NULL);
INSERT INTO ingredients VALUES(542,'Varvia Single Spice Vodka',NULL);
INSERT INTO ingredients VALUES(543,'Chapel Down Chardonnay Vodka',NULL);
INSERT INTO ingredients VALUES(544,'Chase Original Potato Vodka',NULL);
INSERT INTO ingredients VALUES(545,'Chase Rhubarb Vodka',NULL);
INSERT INTO ingredients VALUES(546,'Chase English Oak Smoked Vodka',NULL);
INSERT INTO ingredients VALUES(547,'Chase Aged Marmalade Vodka',NULL);
INSERT INTO ingredients VALUES(548,'Chopin Potato Vodka',NULL);
INSERT INTO ingredients VALUES(549,'Ciroc Vodka Vodka',NULL);
INSERT INTO ingredients VALUES(550,'Ciroc Mango Vodka',NULL);
INSERT INTO ingredients VALUES(551,'Ciroc Red Berry Vodka',NULL);
INSERT INTO ingredients VALUES(552,'Ciroc Apple Vodka',NULL);
INSERT INTO ingredients VALUES(553,'Ciroc Summer Citrus Vodka',NULL);
INSERT INTO ingredients VALUES(554,'Ciroc Pineapple Vodka',NULL);
INSERT INTO ingredients VALUES(555,'Ciroc Pomegranate Vodka',NULL);
INSERT INTO ingredients VALUES(556,'Clusius Dutch Tulip Vodka',NULL);
INSERT INTO ingredients VALUES(557,'Cobalte Vodka',NULL);
INSERT INTO ingredients VALUES(558,'Copernicus Honey Vodka',NULL);
INSERT INTO ingredients VALUES(559,'Cossack Vodka',NULL);
INSERT INTO ingredients VALUES(560,'Cracovia Vodka',NULL);
INSERT INTO ingredients VALUES(561,'Crystal Head Vodka',NULL);
INSERT INTO ingredients VALUES(562,'Crystal Head Onyx Vodka',NULL);
INSERT INTO ingredients VALUES(563,'Crystal Head Pride Vodka',NULL);
INSERT INTO ingredients VALUES(564,'Davna Hani Vodka',NULL);
INSERT INTO ingredients VALUES(565,'Davna Bizon Vodka',NULL);
INSERT INTO ingredients VALUES(566,'Davna Vodka',NULL);
INSERT INTO ingredients VALUES(567,'Debowa Polska Black Oak',NULL);
INSERT INTO ingredients VALUES(568,'Debowa Polska Sliwa Plum Vodka',NULL);
INSERT INTO ingredients VALUES(569,'Dingle Vodka',NULL);
INSERT INTO ingredients VALUES(570,'Discarded Grape Skin Chardonnay Vodka',NULL);
INSERT INTO ingredients VALUES(571,'DQ Swedish Grain Vodka',NULL);
INSERT INTO ingredients VALUES(572,'Dry Fly Vodka',NULL);
INSERT INTO ingredients VALUES(573,'East London Liquor Co. Vodka',NULL);
INSERT INTO ingredients VALUES(574,'Edelweiss Alpine Vodka',NULL);
INSERT INTO ingredients VALUES(575,'Ewdards 1902 Vodka',NULL);
INSERT INTO ingredients VALUES(576,'Eight Lands Organic Vodka',NULL);
INSERT INTO ingredients VALUES(577,'Element 29 British Artisan Vodka',NULL);
INSERT INTO ingredients VALUES(578,'Elit Vodka by Stoli Night Appearancev',NULL);
INSERT INTO ingredients VALUES(579,'Forte''s Espresso Vodka',NULL);
INSERT INTO ingredients VALUES(580,'Dutch Barn Vodka',NULL);
INSERT INTO ingredients VALUES(581,'Eristoff Vodka',NULL);
INSERT INTO ingredients VALUES(582,'Eristow Vodka',NULL);
INSERT INTO ingredients VALUES(583,'Fair Quinoa Vodka',NULL);
INSERT INTO ingredients VALUES(584,'Fallen Angel DT1 Vodka',NULL);
INSERT INTO ingredients VALUES(585,'Finlandia Vodka',NULL);
INSERT INTO ingredients VALUES(586,'Finlandia Grapefruit Vodka',NULL);
INSERT INTO ingredients VALUES(587,'Finlandia Mango Vodka',NULL);
INSERT INTO ingredients VALUES(588,'Finlandia Lime Vodka',NULL);
INSERT INTO ingredients VALUES(589,'Finlandia Cranberry Vodka',NULL);
INSERT INTO ingredients VALUES(590,'Firefly Sweet Tea Vodka',NULL);
INSERT INTO ingredients VALUES(591,'Firestarter Vodka',NULL);
INSERT INTO ingredients VALUES(592,'Gattertop No.7 Botanic Vodka',NULL);
INSERT INTO ingredients VALUES(593,'General John Stark Vodka',NULL);
INSERT INTO ingredients VALUES(594,'Ghost Vodka Union Flag Skull',NULL);
INSERT INTO ingredients VALUES(595,'Glenrinnes Producers Series Barrel Aged Vodka',NULL);
INSERT INTO ingredients VALUES(596,'Grey Goose Vodka',NULL);
INSERT INTO ingredients VALUES(597,'Grey Goose Vanilla Vodka',NULL);
INSERT INTO ingredients VALUES(598,'Grey Goose Citron Vodka',NULL);
INSERT INTO ingredients VALUES(599,'Grey Goose La Poire Vodka',NULL);
INSERT INTO ingredients VALUES(600,'Grey Goose L''Orange Vodka',NULL);
INSERT INTO ingredients VALUES(601,'Haku Vodka',NULL);
INSERT INTO ingredients VALUES(602,'Ketel One Vodka',NULL);
INSERT INTO ingredients VALUES(603,'Ketel One Citroen Vodka',NULL);
INSERT INTO ingredients VALUES(604,'Ketel One Oranje',NULL);
INSERT INTO ingredients VALUES(605,'Skyy Vodka',NULL);
INSERT INTO ingredients VALUES(606,'Skyy Passion Fruit Vodka',NULL);
INSERT INTO ingredients VALUES(607,'Tito''s Vodka',NULL);
INSERT INTO ingredients VALUES(608,'Wyborowa Blue Vodka',NULL);
INSERT INTO ingredients VALUES(609,'Zubrowka Bisongrass Vodka',NULL);
INSERT INTO ingredients VALUES(610,'Zubrowka Biala Winter Rye',NULL);
INSERT INTO ingredients VALUES(611,'Vanilla Vodka',NULL);
INSERT INTO ingredients VALUES(612,'Rasberry Vodka',NULL);
INSERT INTO ingredients VALUES(613,'Citron Vodka',NULL);
INSERT INTO ingredients VALUES(614,'Peach Vodka',NULL);
INSERT INTO ingredients VALUES(615,'Mango Vodka',NULL);
INSERT INTO ingredients VALUES(616,'Blackcurrant Vodka',NULL);
INSERT INTO ingredients VALUES(617,'Strawberry Vodka',NULL);
INSERT INTO ingredients VALUES(618,'Rum',NULL);
INSERT INTO ingredients VALUES(619,'Appleton Estate 12 Year Old Rare Casks',NULL);
INSERT INTO ingredients VALUES(620,'Appleton Estate 8 Year Old Reserve',NULL);
INSERT INTO ingredients VALUES(621,'Appleton Estate Signature',NULL);
INSERT INTO ingredients VALUES(622,'Bacardi Carta Oro Gold Rum',NULL);
INSERT INTO ingredients VALUES(623,'Bacardi Carta Blanca Rum',NULL);
INSERT INTO ingredients VALUES(624,'Bacardi Diez',NULL);
INSERT INTO ingredients VALUES(625,'Bacardi Spiced',NULL);
INSERT INTO ingredients VALUES(626,'Bacardi anejo Cuatro',NULL);
INSERT INTO ingredients VALUES(627,'Bacardi Superior Gold',NULL);
INSERT INTO ingredients VALUES(628,'Bacardi Carta Negra',NULL);
INSERT INTO ingredients VALUES(629,'Banks 5 Island Rum',NULL);
INSERT INTO ingredients VALUES(630,'Banks 7 Golden Age Rum',NULL);
INSERT INTO ingredients VALUES(631,'Barbancourt 15 Year Old Reserve Du Domaine',NULL);
INSERT INTO ingredients VALUES(632,'Barbancourt 3 Star Rum',NULL);
INSERT INTO ingredients VALUES(633,'Barbancourt 15 Year Old',NULL);
INSERT INTO ingredients VALUES(634,'Barcelo Anejo Rum',NULL);
INSERT INTO ingredients VALUES(635,'Barcelo Imperial Rum',NULL);
INSERT INTO ingredients VALUES(636,'Barcelo Gran Anejo Rum',NULL);
INSERT INTO ingredients VALUES(637,'Barcelo Imperial Onyx',NULL);
INSERT INTO ingredients VALUES(638,'Barcelo Gran Platinum Rum',NULL);
INSERT INTO ingredients VALUES(639,'Bielle 2011',NULL);
INSERT INTO ingredients VALUES(640,'Black Magic Spiced Rum',NULL);
INSERT INTO ingredients VALUES(641,'Black Stripe White Rum',NULL);
INSERT INTO ingredients VALUES(642,'Black Tot Finest Caribbean Rum',NULL);
INSERT INTO ingredients VALUES(643,'Black Tot Last Consignment',NULL);
INSERT INTO ingredients VALUES(644,'Balck Tot Master Blender''s Reserve 2021',NULL);
INSERT INTO ingredients VALUES(645,'Botran 18 Anejo Rum',NULL);
INSERT INTO ingredients VALUES(646,'Botran 15 Year Old Anejo Rum',NULL);
INSERT INTO ingredients VALUES(647,'Botran 12 Year Old Anejo Rum',NULL);
INSERT INTO ingredients VALUES(648,'Brugal Anejo Rum',NULL);
INSERT INTO ingredients VALUES(649,'Brugal 1888 Ron Gran Reserva Familiar',NULL);
INSERT INTO ingredients VALUES(650,'Brugal Extra Viejo Rum',NULL);
INSERT INTO ingredients VALUES(651,'Brugal Blanco Supremo Rum',NULL);
INSERT INTO ingredients VALUES(652,'Bumbu The Original Rum',NULL);
INSERT INTO ingredients VALUES(653,'Bumbu XO Rum',NULL);
INSERT INTO ingredients VALUES(654,'By the Dutch White Batavia Arrack',NULL);
INSERT INTO ingredients VALUES(655,'By The Dutch Smoked Rum-Based Spirit',NULL);
INSERT INTO ingredients VALUES(656,'Cambridge STCE 2005',NULL);
INSERT INTO ingredients VALUES(657,'Captain Morgan Black Spiced',NULL);
INSERT INTO ingredients VALUES(658,'Captain Morgan Spiced Gold',NULL);
INSERT INTO ingredients VALUES(659,'Captain Morgan Dark Rum',NULL);
INSERT INTO ingredients VALUES(661,'Cargo Cult Banana Spiced Rum',NULL);
INSERT INTO ingredients VALUES(662,'Cargo Cult Spiced Rum',NULL);
INSERT INTO ingredients VALUES(663,'Caroni 1998',NULL);
INSERT INTO ingredients VALUES(664,'Caroni 1996',NULL);
INSERT INTO ingredients VALUES(665,'Ron Cartavio Silver',NULL);
INSERT INTO ingredients VALUES(666,'Ceylon Arrack',NULL);
INSERT INTO ingredients VALUES(667,'Chairman''s Reserve Original Rum',NULL);
INSERT INTO ingredients VALUES(668,'Chairman''s Reserve Spiced Rum',NULL);
INSERT INTO ingredients VALUES(669,'Chairman''s Reserve White Label Rum',NULL);
INSERT INTO ingredients VALUES(670,'Chalong Bay Rum',NULL);
INSERT INTO ingredients VALUES(671,'Chamarel XO premium Rum',NULL);
INSERT INTO ingredients VALUES(672,'Chamarel Classic White Rum',NULL);
INSERT INTO ingredients VALUES(673,'Chamare Gold Rum',NULL);
INSERT INTO ingredients VALUES(674,'Clairin Sajous 2019 Rum',NULL);
INSERT INTO ingredients VALUES(675,'Clairin Communal Rum',NULL);
INSERT INTO ingredients VALUES(676,'Clement Rhum Vieux XO',NULL);
INSERT INTO ingredients VALUES(677,'Clement Rhum Blanc',NULL);
INSERT INTO ingredients VALUES(678,'Clement VSOP Agricole Rum',NULL);
INSERT INTO ingredients VALUES(679,'Clement Ambre Rum Agricole',NULL);
INSERT INTO ingredients VALUES(680,'Clemment Canne Bleue',NULL);
INSERT INTO ingredients VALUES(681,'Coruba Overproof Rum',NULL);
INSERT INTO ingredients VALUES(682,'El Dorado Rum 12 Year Old',NULL);
INSERT INTO ingredients VALUES(683,'El Dorado Rum 15 Year Old',NULL);
INSERT INTO ingredients VALUES(684,'El Dorado 3 Year Old White Rum',NULL);
INSERT INTO ingredients VALUES(685,'El Dorado 5 Year Old Gold Rum',NULL);
INSERT INTO ingredients VALUES(686,'El Dorado Rum 21 Year Old',NULL);
INSERT INTO ingredients VALUES(687,'Fair Muscovado Rum',NULL);
INSERT INTO ingredients VALUES(688,'Fair Rum Extra Old',NULL);
INSERT INTO ingredients VALUES(689,'Fair Salvador XO Rum',NULL);
INSERT INTO ingredients VALUES(690,'Havana Club 7 Year Old Rum Anejo',NULL);
INSERT INTO ingredients VALUES(691,'Havana Club 3 Year Old Rum Anejo',NULL);
INSERT INTO ingredients VALUES(692,'Havana Club Cuban Spiced',NULL);
INSERT INTO ingredients VALUES(693,'Havana Club Rum 3 Year Old Light Dry',NULL);
INSERT INTO ingredients VALUES(694,'Kraken Black Spiced Rum',NULL);
INSERT INTO ingredients VALUES(695,'Kraken Black Roast Coffee Rum',NULL);
INSERT INTO ingredients VALUES(696,'Ron Zacapa Centenario Sistema Solera 23 Rum',NULL);
INSERT INTO ingredients VALUES(697,'Ron Zacapa Centenario XO Rum Solera Gran Reserva Especial',NULL);
INSERT INTO ingredients VALUES(698,'Ron Zacapa Edicion Negra',NULL);
INSERT INTO ingredients VALUES(699,'Sailor Jerry Spiced Rum',NULL);
INSERT INTO ingredients VALUES(700,'Zacapa Sistema Solera 23 Rum',NULL);
INSERT INTO ingredients VALUES(701,'Spiced Rum',NULL);
INSERT INTO ingredients VALUES(702,'White Rum',NULL);
INSERT INTO ingredients VALUES(703,'Dark Rum',NULL);
INSERT INTO ingredients VALUES(704,'Overproof Rum',NULL);
INSERT INTO ingredients VALUES(705,'Tequila',NULL);
INSERT INTO ingredients VALUES(706,'Alebrijes Blanco Tequila',NULL);
INSERT INTO ingredients VALUES(707,'Avion Reposado Tequila',NULL);
INSERT INTO ingredients VALUES(708,'Avion Silver Tequila',NULL);
INSERT INTO ingredients VALUES(709,'Avion Anejo Tequila',NULL);
INSERT INTO ingredients VALUES(710,'Batanga Reposado Tequila',NULL);
INSERT INTO ingredients VALUES(711,'Batanga Blanco Tequila',NULL);
INSERT INTO ingredients VALUES(712,'Corazon Tequila Blanco',NULL);
INSERT INTO ingredients VALUES(713,'Corazon Tequila Anejo',NULL);
INSERT INTO ingredients VALUES(714,'Corazon Tequila Reposado',NULL);
INSERT INTO ingredients VALUES(715,'Don Julio Tequila Blanco',NULL);
INSERT INTO ingredients VALUES(716,'Don Julio Tequila Anejo',NULL);
INSERT INTO ingredients VALUES(717,'Don Julio Tequila Reposado',NULL);
INSERT INTO ingredients VALUES(718,'Don Julio Tequila Extra Anejo',NULL);
INSERT INTO ingredients VALUES(719,'El Jimador Blanco Tequila',NULL);
INSERT INTO ingredients VALUES(720,'El Jimador Anejo Tequila',NULL);
INSERT INTO ingredients VALUES(721,'El Jimador Reposado Tequila',NULL);
INSERT INTO ingredients VALUES(722,'Fortaleza Blanco Tequila',NULL);
INSERT INTO ingredients VALUES(723,'Fortaleza Reposado Tequila',NULL);
INSERT INTO ingredients VALUES(724,'Fortaleza Anejo Tequila',NULL);
INSERT INTO ingredients VALUES(725,'Herradura Plata Tequila',NULL);
INSERT INTO ingredients VALUES(726,'Herradura Anejo Tequila',NULL);
INSERT INTO ingredients VALUES(727,'Herradura Blanco Tequila',NULL);
INSERT INTO ingredients VALUES(728,'Jose Cuervo Tradicional Silver Tequila',NULL);
INSERT INTO ingredients VALUES(729,'Jose Cuervo Tradicional Reposado Tequila',NULL);
INSERT INTO ingredients VALUES(730,'La Certeza Reposado Tequila',NULL);
INSERT INTO ingredients VALUES(731,'Patron Silver Tequila',NULL);
INSERT INTO ingredients VALUES(732,'Patron Anejo Tequila',NULL);
INSERT INTO ingredients VALUES(733,'Patron Reposado Tequila',NULL);
INSERT INTO ingredients VALUES(734,'Sauza Tres Generaciones Reposado Tequila',NULL);
INSERT INTO ingredients VALUES(735,'Sauza Tres Generaciones Plata Tequila',NULL);
INSERT INTO ingredients VALUES(736,'Sauza Gold Tequila',NULL);
INSERT INTO ingredients VALUES(737,'Tequila Blanco',NULL);
INSERT INTO ingredients VALUES(738,'Tequila Reposado',NULL);
INSERT INTO ingredients VALUES(739,'Tequila Anejo',NULL);
INSERT INTO ingredients VALUES(740,'Cognac',NULL);
INSERT INTO ingredients VALUES(741,'AE Dor XO Fine Champagne Cognac',NULL);
INSERT INTO ingredients VALUES(742,'AE Dor VuOP Fine Champagne Cognac',NULL);
INSERT INTO ingredients VALUES(743,'AE Dor Napoleon Cognac',NULL);
INSERT INTO ingredients VALUES(744,'Bisquit Dubouche Extra Vieille',NULL);
INSERT INTO ingredients VALUES(745,'Bisquit Dubouche Triomphe',NULL);
INSERT INTO ingredients VALUES(746,'Chateau de Beaulon XO Collection Cognac',NULL);
INSERT INTO ingredients VALUES(747,'Chateau de Beaulon VSOP Folle Blanche Cognac',NULL);
INSERT INTO ingredients VALUES(748,'Courvoisier XO Cognac',NULL);
INSERT INTO ingredients VALUES(749,'Courvoisier VS Cognac',NULL);
INSERT INTO ingredients VALUES(750,'Courvoisier VSOP Cognac',NULL);
INSERT INTO ingredients VALUES(751,'Domaine Le Reviseur XO Petite Champagne Cognac',NULL);
INSERT INTO ingredients VALUES(752,'Domaine Le Reviseur VSOP Petite Champagne Cognac',NULL);
INSERT INTO ingredients VALUES(753,'Domaine Le Reviseur VS Petit Champagne Cognac',NULL);
INSERT INTO ingredients VALUES(754,'Gautier XO Gold & Blue Cognac',NULL);
INSERT INTO ingredients VALUES(755,'Hennessy XO Cognac',NULL);
INSERT INTO ingredients VALUES(756,'Hennesy VS Cognac',NULL);
INSERT INTO ingredients VALUES(757,'Remy Martin XO Xognac',NULL);
INSERT INTO ingredients VALUES(758,'Remy Martin VSOP Cognac',NULL);
INSERT INTO ingredients VALUES(759,'Remy MArtin Louis XIII Cognac',NULL);
INSERT INTO ingredients VALUES(760,'Scotch Whisky',NULL);
INSERT INTO ingredients VALUES(761,'Bourbon',NULL);
INSERT INTO ingredients VALUES(762,'Japanese Whisky',NULL);
INSERT INTO ingredients VALUES(763,'Australian Whisky',NULL);
INSERT INTO ingredients VALUES(764,'Kahlua',NULL);
INSERT INTO ingredients VALUES(765,'Cafe Rica',NULL);
INSERT INTO ingredients VALUES(766,'Kamora',NULL);
INSERT INTO ingredients VALUES(767,'Mr Black Cold Brew Coffee Liqueur',NULL);
INSERT INTO ingredients VALUES(768,'Tia Maria',NULL);
INSERT INTO ingredients VALUES(769,'Toussaint Coffee Liquer',NULL);
INSERT INTO ingredients VALUES(770,'Coffee Liquer',NULL);
INSERT INTO ingredients VALUES(771,'Advocaat',NULL);
INSERT INTO ingredients VALUES(772,'Baileys Irish Cream',NULL);
INSERT INTO ingredients VALUES(773,'Carolans',NULL);
INSERT INTO ingredients VALUES(774,'RumChata',NULL);
INSERT INTO ingredients VALUES(775,'Voodoo Cream Liquer',NULL);
INSERT INTO ingredients VALUES(776,'Vermeer Dutch Chocolate Cream Liquer',NULL);
INSERT INTO ingredients VALUES(777,'Crème de Banane',NULL);
INSERT INTO ingredients VALUES(778,'Crème de Cacao',NULL);
INSERT INTO ingredients VALUES(779,'Crème de Cassis',NULL);
INSERT INTO ingredients VALUES(780,'Crème de Cerise',NULL);
INSERT INTO ingredients VALUES(781,'Crème de Menthe',NULL);
INSERT INTO ingredients VALUES(782,'Crème de Noyaux',NULL);
INSERT INTO ingredients VALUES(783,'Crème de Violette',NULL);
INSERT INTO ingredients VALUES(784,'Crème Yvette',NULL);
INSERT INTO ingredients VALUES(785,'Parfait d''Amour',NULL);
INSERT INTO ingredients VALUES(786,'Rosolio',NULL);
INSERT INTO ingredients VALUES(787,'St Germain',NULL);
INSERT INTO ingredients VALUES(788,'Cointreau',NULL);
INSERT INTO ingredients VALUES(789,'Curaçao',NULL);
INSERT INTO ingredients VALUES(790,'Cherry Heering',NULL);
INSERT INTO ingredients VALUES(791,'Grand Marnier',NULL);
INSERT INTO ingredients VALUES(792,'Pear Liquer',NULL);
INSERT INTO ingredients VALUES(793,'Strawberry Liquer',NULL);
INSERT INTO ingredients VALUES(794,'Melon Liquer',NULL);
INSERT INTO ingredients VALUES(795,'Lychee Liquer',NULL);
INSERT INTO ingredients VALUES(796,'Apple Liquer',NULL);
INSERT INTO ingredients VALUES(797,'Apricot Liquer',NULL);
INSERT INTO ingredients VALUES(798,'Maraschino',NULL);
INSERT INTO ingredients VALUES(799,'Green Chartreuse',NULL);
INSERT INTO ingredients VALUES(800,'Yellow Chartreuse',NULL);
INSERT INTO ingredients VALUES(801,'Fireball',NULL);
INSERT INTO ingredients VALUES(802,'Fernet Branca',NULL);
INSERT INTO ingredients VALUES(803,'Galliano',NULL);
INSERT INTO ingredients VALUES(804,'Honey Liquer',NULL);
INSERT INTO ingredients VALUES(805,'Amaretto',NULL);
INSERT INTO ingredients VALUES(806,'Frangelico',NULL);
INSERT INTO ingredients VALUES(807,'Nocello',NULL);
INSERT INTO ingredients VALUES(808,'Orahovac',NULL);
INSERT INTO ingredients VALUES(809,'Peanut Liqueur',NULL);
INSERT INTO ingredients VALUES(810,'Rivulet',NULL);
INSERT INTO ingredients VALUES(811,'Campari',NULL);
INSERT INTO ingredients VALUES(812,'Butterscotch Liqueur',NULL);
INSERT INTO ingredients VALUES(813,'Chambord',NULL);
INSERT INTO ingredients VALUES(814,'Cinnamon Liqueur',NULL);
INSERT INTO ingredients VALUES(815,'Coconut Liqueur',NULL);
INSERT INTO ingredients VALUES(816,'Crème de Mûre',NULL);
INSERT INTO ingredients VALUES(817,'Ginger Liqueur',NULL);
INSERT INTO ingredients VALUES(818,'Jägermeister',NULL);
INSERT INTO ingredients VALUES(819,'Limoncello',NULL);
INSERT INTO ingredients VALUES(820,'Licor 43',NULL);
INSERT INTO ingredients VALUES(821,'Midori',NULL);
INSERT INTO ingredients VALUES(822,'Pimm''s Cup',NULL);
INSERT INTO ingredients VALUES(823,'Sambuca',NULL);
INSERT INTO ingredients VALUES(824,'Sugar Syrup',NULL);
INSERT INTO ingredients VALUES(825,'Cinnamon Syrup',NULL);
INSERT INTO ingredients VALUES(826,'Vanilla Syrup',NULL);
INSERT INTO ingredients VALUES(827,'Strawberry Syrup',NULL);
INSERT INTO ingredients VALUES(828,'Banana Syrup',NULL);
INSERT INTO ingredients VALUES(829,'Pomegranate Syrup',NULL);
INSERT INTO ingredients VALUES(830,'Grenadine Syrup',NULL);
INSERT INTO ingredients VALUES(831,'Pineapple Syrup',NULL);
INSERT INTO ingredients VALUES(832,'Ginger Syrup',NULL);
INSERT INTO ingredients VALUES(833,'Gingerbread Syrup',NULL);
INSERT INTO ingredients VALUES(834,'Agave Syrup',NULL);
INSERT INTO ingredients VALUES(835,'Almond Syrup',NULL);
INSERT INTO ingredients VALUES(836,'Amaretto Syrup',NULL);
INSERT INTO ingredients VALUES(837,'Anise Syrup',NULL);
INSERT INTO ingredients VALUES(838,'Apricot Syrup',NULL);
INSERT INTO ingredients VALUES(839,'Blackberry Syrup',NULL);
INSERT INTO ingredients VALUES(840,'Blackcurrant Syrup',NULL);
INSERT INTO ingredients VALUES(841,'Blood Orange Syrup',NULL);
INSERT INTO ingredients VALUES(842,'Blueberry Syrup',NULL);
INSERT INTO ingredients VALUES(843,'Brownie Syrup',NULL);
INSERT INTO ingredients VALUES(844,'Bubble Gum Syrup',NULL);
INSERT INTO ingredients VALUES(845,'Butterscotch Syrup',NULL);
INSERT INTO ingredients VALUES(846,'Cane Sugar Syrup',NULL);
INSERT INTO ingredients VALUES(847,'Caramel Syrup',NULL);
INSERT INTO ingredients VALUES(848,'Chai Tea Syrup',NULL);
INSERT INTO ingredients VALUES(849,'Cherry Plum Syrup',NULL);
INSERT INTO ingredients VALUES(850,'Cherry Syrup',NULL);
INSERT INTO ingredients VALUES(851,'Chocolate Syrup',NULL);
INSERT INTO ingredients VALUES(852,'Coconut Syrup',NULL);
INSERT INTO ingredients VALUES(853,'Coffee Syrup',NULL);
INSERT INTO ingredients VALUES(854,'Cranberry Syrup',NULL);
INSERT INTO ingredients VALUES(855,'Cucumber Syrup',NULL);
INSERT INTO ingredients VALUES(856,'Elderflower Syrup',NULL);
INSERT INTO ingredients VALUES(857,'Falernum Syrup',NULL);
INSERT INTO ingredients VALUES(858,'French Vanilla Syrup',NULL);
INSERT INTO ingredients VALUES(859,'Green Apple Syrup',NULL);
INSERT INTO ingredients VALUES(860,'Green Mint Syrup',NULL);
INSERT INTO ingredients VALUES(861,'Green Tea Syrup',NULL);
INSERT INTO ingredients VALUES(862,'Hazelnut Syrup',NULL);
INSERT INTO ingredients VALUES(863,'Hubiscus Syrup',NULL);
INSERT INTO ingredients VALUES(864,'Iced Lemon Tea Syrup',NULL);
INSERT INTO ingredients VALUES(865,'Iced Mango Tea Syrup',NULL);
INSERT INTO ingredients VALUES(866,'Iced Peach Tea Syrup',NULL);
INSERT INTO ingredients VALUES(867,'Iced Raspberry Tea Syrup',NULL);
INSERT INTO ingredients VALUES(868,'Irish Cream Syrup',NULL);
INSERT INTO ingredients VALUES(869,'Kiwi Syrup',NULL);
INSERT INTO ingredients VALUES(870,'Lavender  Syrup',NULL);
INSERT INTO ingredients VALUES(871,'Lemon Syrup',NULL);
INSERT INTO ingredients VALUES(872,'Lime Syrup',NULL);
INSERT INTO ingredients VALUES(873,'Lychee Syrup',NULL);
INSERT INTO ingredients VALUES(874,'Macadamia Syrup',NULL);
INSERT INTO ingredients VALUES(875,'Mango Syrup',NULL);
INSERT INTO ingredients VALUES(876,'Melon Syrup',NULL);
INSERT INTO ingredients VALUES(877,'Orange Syrup',NULL);
INSERT INTO ingredients VALUES(878,'Passionfruit Syrup',NULL);
INSERT INTO ingredients VALUES(879,'Peach Syrup',NULL);
INSERT INTO ingredients VALUES(880,'Peppermint Syrup',NULL);
INSERT INTO ingredients VALUES(881,'Piña Colada Syrup',NULL);
INSERT INTO ingredients VALUES(883,'Pink Grapefruit Syrup',NULL);
INSERT INTO ingredients VALUES(884,'White Grapefruit Syrup',NULL);
INSERT INTO ingredients VALUES(885,'Pistachio Syrup',NULL);
INSERT INTO ingredients VALUES(886,'Popcorn Syrup',NULL);
INSERT INTO ingredients VALUES(887,'Pumpkin Spice Syrup',NULL);
INSERT INTO ingredients VALUES(888,'Raspberry Syrup',NULL);
INSERT INTO ingredients VALUES(889,'Rose Syrup',NULL);
INSERT INTO ingredients VALUES(890,'Salted Caramel Syrup',NULL);
INSERT INTO ingredients VALUES(891,'Spicy Cayenne Syrup',NULL);
INSERT INTO ingredients VALUES(892,'Tangerine Syrup',NULL);
INSERT INTO ingredients VALUES(893,'Tiramisu Syrup',NULL);
INSERT INTO ingredients VALUES(894,'Marshmallow Syrup',NULL);
INSERT INTO ingredients VALUES(895,'Violet Syrup',NULL);
INSERT INTO ingredients VALUES(896,'Watermelon Syrup',NULL);
INSERT INTO ingredients VALUES(897,'White Chocolate Syrup',NULL);
INSERT INTO ingredients VALUES(898,'White Peach Syrup',NULL);
INSERT INTO ingredients VALUES(899,'Yuzu Syrup',NULL);
INSERT INTO ingredients VALUES(900,'Heavy Cream',NULL);
INSERT INTO ingredients VALUES(901,'Thickened Cream',NULL);
INSERT INTO ingredients VALUES(902,'Vanilla Custard',NULL);
INSERT INTO ingredients VALUES(903,'Chocolate Custard',NULL);
INSERT INTO ingredients VALUES(904,'Cream Cheese',NULL);
INSERT INTO ingredients VALUES(905,'Soda Water',NULL);
INSERT INTO ingredients VALUES(906,'CocaCola',NULL);
INSERT INTO ingredients VALUES(907,'Lemonade',NULL);
INSERT INTO ingredients VALUES(908,'Ginger Beer',NULL);
INSERT INTO ingredients VALUES(909,'Ginger Ale',NULL);
INSERT INTO ingredients VALUES(910,'Creaming Soda',NULL);
INSERT INTO ingredients VALUES(911,'Fanta',NULL);
INSERT INTO ingredients VALUES(912,'Grape Soda',NULL);
INSERT INTO ingredients VALUES(913,'Indian Tonic Water',NULL);
INSERT INTO ingredients VALUES(914,'Tonic Water',NULL);
INSERT INTO ingredients VALUES(915,'Mediterranean Tonic Water',NULL);
INSERT INTO ingredients VALUES(916,'Root Beer',NULL);
INSERT INTO ingredients VALUES(917,'Mountain Dew',NULL);
INSERT INTO ingredients VALUES(918,'Lemon Lime Bitters',NULL);
INSERT INTO ingredients VALUES(919,'Dr Pepper',NULL);
INSERT INTO ingredients VALUES(920,'Powerade',NULL);
INSERT INTO ingredients VALUES(921,'RedBull',NULL);
INSERT INTO ingredients VALUES(922,'White Wine',NULL);
INSERT INTO ingredients VALUES(923,'Red Wine',NULL);
INSERT INTO ingredients VALUES(924,'Sparkling Wine',NULL);
INSERT INTO ingredients VALUES(925,'Prosecco',NULL);
INSERT INTO ingredients VALUES(926,'Champagne',NULL);
INSERT INTO ingredients VALUES(927,'Port',NULL);
INSERT INTO ingredients VALUES(928,'Sherry',NULL);
INSERT INTO ingredients VALUES(929,'Tawny',NULL);
INSERT INTO ingredients VALUES(930,'Dessert Wine',NULL);
INSERT INTO ingredients VALUES(931,'Chocolate Powder',NULL);
INSERT INTO ingredients VALUES(932,'Dry Vermouth',NULL);
INSERT INTO ingredients VALUES(933,'Sweet Vermouth',NULL);
INSERT INTO ingredients VALUES(934,'Olive Brine',NULL);
INSERT INTO ingredients VALUES(935,'Salt',NULL);
INSERT INTO ingredients VALUES(936,'Sugar',NULL);
INSERT INTO ingredients VALUES(937,'Angostura Bitters',NULL);
INSERT INTO ingredients VALUES(938,'Peychaud''s Bitters',NULL);
INSERT INTO ingredients VALUES(939,'Chocolate Bitters',NULL);
INSERT INTO ingredients VALUES(940,'Celery Bitters',NULL);
INSERT INTO ingredients VALUES(941,'Grapefruit Bitters',NULL);
INSERT INTO ingredients VALUES(942,'Rye Whisky',NULL);
INSERT INTO ingredients VALUES(943,'Egg Whites',NULL);
INSERT INTO ingredients VALUES(944,'Egg Yolk',NULL);
INSERT INTO ingredients VALUES(945,'Egg',NULL);
INSERT INTO ingredients VALUES(946,'Protein Powder',NULL);
INSERT INTO ingredients VALUES(947,'Raspberry Puree',NULL);
INSERT INTO ingredients VALUES(948,'Passionfruit Puree',NULL);
INSERT INTO ingredients VALUES(949,'Peach Puree',NULL);
INSERT INTO ingredients VALUES(950,'Strawberry Puree',NULL);
INSERT INTO ingredients VALUES(951,'Crème de Mure',NULL);
INSERT INTO ingredients VALUES(952,'Passionfruit Liqueur',NULL);
INSERT INTO ingredients VALUES(953,'Passionfruit',NULL);
INSERT INTO ingredients VALUES(954,'Aperol',NULL);
CREATE TABLE has_ingredient(
	recipe integer,
	ingredient integer,
	quantity text,
	measurement text,
	PRIMARY KEY(recipe, ingredient),
	FOREIGN KEY(recipe) REFERENCES recipes(recipeid),
	FOREIGN KEY(ingredient) REFERENCES ingredients(ingredientid)
);
INSERT INTO has_ingredient VALUES(1,1,'','');
INSERT INTO has_ingredient VALUES(1,2,'','');
INSERT INTO has_ingredient VALUES(2,2,'','');
INSERT INTO has_ingredient VALUES(2,89,'60','mL');
INSERT INTO has_ingredient VALUES(2,824,'30','mL');
INSERT INTO has_ingredient VALUES(2,905,'','');
INSERT INTO has_ingredient VALUES(3,2,'','');
INSERT INTO has_ingredient VALUES(3,29,'','');
INSERT INTO has_ingredient VALUES(3,481,'30','mL');
INSERT INTO has_ingredient VALUES(4,27,'30','g');
INSERT INTO has_ingredient VALUES(5,27,'30','mL');
INSERT INTO has_ingredient VALUES(5,22,'60','mL');
INSERT INTO has_ingredient VALUES(5,931,'','');
INSERT INTO has_ingredient VALUES(6,27,'30','g');
INSERT INTO has_ingredient VALUES(7,27,'60','g');
INSERT INTO has_ingredient VALUES(8,27,'30','mL');
INSERT INTO has_ingredient VALUES(8,1,'120','mL');
INSERT INTO has_ingredient VALUES(9,27,'60','mL');
INSERT INTO has_ingredient VALUES(9,1,'120','mL');
INSERT INTO has_ingredient VALUES(10,1,'500','mL');
INSERT INTO has_ingredient VALUES(10,27,'50','g');
INSERT INTO has_ingredient VALUES(11,2,'','');
INSERT INTO has_ingredient VALUES(11,27,'60','mL');
INSERT INTO has_ingredient VALUES(11,22,'150','mL');
INSERT INTO has_ingredient VALUES(12,2,'','');
INSERT INTO has_ingredient VALUES(12,22,'150','mL');
INSERT INTO has_ingredient VALUES(12,851,'60','mL');
INSERT INTO has_ingredient VALUES(13,2,'','');
INSERT INTO has_ingredient VALUES(13,22,'150','mL');
INSERT INTO has_ingredient VALUES(13,27,'30','mL');
INSERT INTO has_ingredient VALUES(13,851,'30','mL');
INSERT INTO has_ingredient VALUES(14,2,'','');
INSERT INTO has_ingredient VALUES(14,319,'30','');
INSERT INTO has_ingredient VALUES(14,914,'100','');
INSERT INTO has_ingredient VALUES(14,90,'1','');
INSERT INTO has_ingredient VALUES(15,2,'','');
INSERT INTO has_ingredient VALUES(15,32,'10','mL');
INSERT INTO has_ingredient VALUES(15,906,'100','mL');
INSERT INTO has_ingredient VALUES(15,702,'30','mL');
INSERT INTO has_ingredient VALUES(15,90,'1','');
INSERT INTO has_ingredient VALUES(16,2,'','');
INSERT INTO has_ingredient VALUES(16,705,'30','mL');
INSERT INTO has_ingredient VALUES(16,29,'100','mL');
INSERT INTO has_ingredient VALUES(16,830,'10','mL');
INSERT INTO has_ingredient VALUES(17,2,'','');
INSERT INTO has_ingredient VALUES(17,760,'30','mL');
INSERT INTO has_ingredient VALUES(17,805,'30','mL');
INSERT INTO has_ingredient VALUES(18,2,'','');
INSERT INTO has_ingredient VALUES(18,481,'30','mL');
INSERT INTO has_ingredient VALUES(18,770,'30','mL');
INSERT INTO has_ingredient VALUES(19,2,'','');
INSERT INTO has_ingredient VALUES(19,481,'30','mL');
INSERT INTO has_ingredient VALUES(19,770,'30','mL');
INSERT INTO has_ingredient VALUES(19,22,'60','mL');
INSERT INTO has_ingredient VALUES(20,2,'','');
INSERT INTO has_ingredient VALUES(20,32,'10','mL');
INSERT INTO has_ingredient VALUES(20,481,'30','mL');
INSERT INTO has_ingredient VALUES(20,908,'60','mL');
INSERT INTO has_ingredient VALUES(20,90,'1','');
INSERT INTO has_ingredient VALUES(21,2,'','');
INSERT INTO has_ingredient VALUES(21,481,'15','mL');
INSERT INTO has_ingredient VALUES(21,50,'15','mL');
INSERT INTO has_ingredient VALUES(21,29,'40','mL');
INSERT INTO has_ingredient VALUES(21,33,'40','mL');
INSERT INTO has_ingredient VALUES(22,613,'30','mL');
INSERT INTO has_ingredient VALUES(22,788,'15','mL');
INSERT INTO has_ingredient VALUES(22,32,'15','mL');
INSERT INTO has_ingredient VALUES(22,33,'30','mL');
INSERT INTO has_ingredient VALUES(22,100,'1','');
INSERT INTO has_ingredient VALUES(23,702,'60','mL');
INSERT INTO has_ingredient VALUES(23,32,'30','mL');
INSERT INTO has_ingredient VALUES(23,824,'15','mL');
INSERT INTO has_ingredient VALUES(24,481,'30','mL');
INSERT INTO has_ingredient VALUES(24,813,'15','mL');
INSERT INTO has_ingredient VALUES(24,30,'30','mL');
INSERT INTO has_ingredient VALUES(24,118,'3','');
INSERT INTO has_ingredient VALUES(25,2,'','');
INSERT INTO has_ingredient VALUES(25,319,'60','mL');
INSERT INTO has_ingredient VALUES(25,31,'30','mL');
INSERT INTO has_ingredient VALUES(25,824,'15','mL');
INSERT INTO has_ingredient VALUES(25,905,'30','mL');
INSERT INTO has_ingredient VALUES(25,89,'1','');
INSERT INTO has_ingredient VALUES(26,2,'','');
INSERT INTO has_ingredient VALUES(26,481,'15','mL');
INSERT INTO has_ingredient VALUES(26,702,'15','mL');
INSERT INTO has_ingredient VALUES(26,319,'15','mL');
INSERT INTO has_ingredient VALUES(26,705,'15','mL');
INSERT INTO has_ingredient VALUES(26,788,'15','mL');
INSERT INTO has_ingredient VALUES(26,31,'15','mL');
INSERT INTO has_ingredient VALUES(26,824,'15','mL');
INSERT INTO has_ingredient VALUES(26,906,'30','mL');
INSERT INTO has_ingredient VALUES(26,89,'1','');
INSERT INTO has_ingredient VALUES(27,319,'60','mL');
INSERT INTO has_ingredient VALUES(27,418,'60','mL');
INSERT INTO has_ingredient VALUES(27,932,'5','mL');
INSERT INTO has_ingredient VALUES(27,89,'1','');
INSERT INTO has_ingredient VALUES(27,99,'3','');
INSERT INTO has_ingredient VALUES(28,319,'60','mL');
INSERT INTO has_ingredient VALUES(28,418,'60','mL');
INSERT INTO has_ingredient VALUES(28,932,'5','mL');
INSERT INTO has_ingredient VALUES(28,934,'10','mL');
INSERT INTO has_ingredient VALUES(28,99,'3','');
INSERT INTO has_ingredient VALUES(29,705,'45','mL');
INSERT INTO has_ingredient VALUES(29,788,'15','mL');
INSERT INTO has_ingredient VALUES(29,32,'30','mL');
INSERT INTO has_ingredient VALUES(29,824,'15','mL');
INSERT INTO has_ingredient VALUES(29,935,'','');
INSERT INTO has_ingredient VALUES(30,937,'2','dash');
INSERT INTO has_ingredient VALUES(30,933,'15','mL');
INSERT INTO has_ingredient VALUES(30,942,'45','mL');
INSERT INTO has_ingredient VALUES(30,68,'1','');
INSERT INTO has_ingredient VALUES(31,2,'','');
INSERT INTO has_ingredient VALUES(31,937,'2','dash');
INSERT INTO has_ingredient VALUES(31,805,'60','mL');
INSERT INTO has_ingredient VALUES(31,31,'30','mL');
INSERT INTO has_ingredient VALUES(31,824,'10','mL');
INSERT INTO has_ingredient VALUES(31,943,'15','mL');
INSERT INTO has_ingredient VALUES(31,89,'1','');
INSERT INTO has_ingredient VALUES(31,68,'1','');
INSERT INTO has_ingredient VALUES(32,937,'2','dash');
INSERT INTO has_ingredient VALUES(32,761,'60','mL');
INSERT INTO has_ingredient VALUES(32,31,'30','mL');
INSERT INTO has_ingredient VALUES(32,824,'10','mL');
INSERT INTO has_ingredient VALUES(32,943,'15','mL');
INSERT INTO has_ingredient VALUES(32,89,'1','');
INSERT INTO has_ingredient VALUES(32,68,'1','');
INSERT INTO has_ingredient VALUES(32,2,'','');
INSERT INTO has_ingredient VALUES(33,319,'60','mL');
INSERT INTO has_ingredient VALUES(33,31,'30','mL');
INSERT INTO has_ingredient VALUES(33,947,'15','mL');
INSERT INTO has_ingredient VALUES(33,943,'15','mL');
INSERT INTO has_ingredient VALUES(33,118,'3','');
INSERT INTO has_ingredient VALUES(34,2,'','');
INSERT INTO has_ingredient VALUES(34,319,'45','mL');
INSERT INTO has_ingredient VALUES(34,31,'15','mL');
INSERT INTO has_ingredient VALUES(34,824,'15','mL');
INSERT INTO has_ingredient VALUES(34,951,'15','mL');
INSERT INTO has_ingredient VALUES(34,89,'1','');
INSERT INTO has_ingredient VALUES(34,61,'2','');
INSERT INTO has_ingredient VALUES(35,2,'','');
INSERT INTO has_ingredient VALUES(35,702,'60','mL');
INSERT INTO has_ingredient VALUES(35,90,'4','mL');
INSERT INTO has_ingredient VALUES(35,824,'15','mL');
INSERT INTO has_ingredient VALUES(35,182,'12','leaves');
INSERT INTO has_ingredient VALUES(35,905,'20','mL');
INSERT INTO has_ingredient VALUES(36,2,'','');
INSERT INTO has_ingredient VALUES(36,937,'','');
INSERT INTO has_ingredient VALUES(36,936,'','');
INSERT INTO has_ingredient VALUES(36,182,'12','leaves');
INSERT INTO has_ingredient VALUES(36,905,'5','mL');
INSERT INTO has_ingredient VALUES(36,761,'60','mL');
INSERT INTO has_ingredient VALUES(37,2,'','');
INSERT INTO has_ingredient VALUES(37,319,'60','mL');
INSERT INTO has_ingredient VALUES(37,31,'30','mL');
INSERT INTO has_ingredient VALUES(37,824,'15','mL');
INSERT INTO has_ingredient VALUES(37,136,'12','leaves');
INSERT INTO has_ingredient VALUES(38,319,'60','mL');
INSERT INTO has_ingredient VALUES(38,31,'30','mL');
INSERT INTO has_ingredient VALUES(38,824,'15','mL');
INSERT INTO has_ingredient VALUES(38,182,'12','leaves');
INSERT INTO has_ingredient VALUES(39,764,'20','mL');
INSERT INTO has_ingredient VALUES(39,772,'20','mL');
INSERT INTO has_ingredient VALUES(39,788,'20','mL');
INSERT INTO has_ingredient VALUES(40,481,'45','mL');
INSERT INTO has_ingredient VALUES(40,952,'15','mL');
INSERT INTO has_ingredient VALUES(40,948,'15','mL');
INSERT INTO has_ingredient VALUES(40,32,'15','mL');
INSERT INTO has_ingredient VALUES(40,826,'15','mL');
INSERT INTO has_ingredient VALUES(40,926,'60','mL');
INSERT INTO has_ingredient VALUES(40,953,'1/2','');
INSERT INTO has_ingredient VALUES(41,949,'10','mL');
INSERT INTO has_ingredient VALUES(41,50,'10','mL');
INSERT INTO has_ingredient VALUES(41,925,'60','mL');
INSERT INTO has_ingredient VALUES(42,319,'45','mL');
INSERT INTO has_ingredient VALUES(42,824,'15','mL');
INSERT INTO has_ingredient VALUES(42,31,'10','mL');
INSERT INTO has_ingredient VALUES(42,925,'20','mL');
INSERT INTO has_ingredient VALUES(42,89,'1','');
INSERT INTO has_ingredient VALUES(43,936,'','');
INSERT INTO has_ingredient VALUES(43,937,'','');
INSERT INTO has_ingredient VALUES(43,905,'5','mL');
INSERT INTO has_ingredient VALUES(43,761,'60','mL');
INSERT INTO has_ingredient VALUES(43,100,'1','mL');
INSERT INTO has_ingredient VALUES(44,703,'30','mL');
INSERT INTO has_ingredient VALUES(44,908,'150','mL');
INSERT INTO has_ingredient VALUES(44,32,'15','mL');
INSERT INTO has_ingredient VALUES(44,90,'1','');
INSERT INTO has_ingredient VALUES(44,2,'','');
INSERT INTO has_ingredient VALUES(45,319,'30','mL');
INSERT INTO has_ingredient VALUES(45,788,'15','mL');
INSERT INTO has_ingredient VALUES(45,31,'30','mL');
INSERT INTO has_ingredient VALUES(45,824,'15','mL');
INSERT INTO has_ingredient VALUES(45,89,'1','');
INSERT INTO has_ingredient VALUES(46,319,'50','mL');
INSERT INTO has_ingredient VALUES(46,798,'10','mL');
INSERT INTO has_ingredient VALUES(46,89,'30','mL');
INSERT INTO has_ingredient VALUES(46,824,'10','mL');
INSERT INTO has_ingredient VALUES(46,68,'1','');
INSERT INTO has_ingredient VALUES(47,319,'20','mL');
INSERT INTO has_ingredient VALUES(47,811,'20','mL');
INSERT INTO has_ingredient VALUES(47,933,'20','mL');
INSERT INTO has_ingredient VALUES(47,100,'1','');
INSERT INTO has_ingredient VALUES(48,942,'20','mL');
INSERT INTO has_ingredient VALUES(48,811,'20','mL');
INSERT INTO has_ingredient VALUES(48,933,'20','mL');
INSERT INTO has_ingredient VALUES(48,100,'1','');
INSERT INTO has_ingredient VALUES(49,925,'60','mL');
INSERT INTO has_ingredient VALUES(49,954,'30','mL');
INSERT INTO has_ingredient VALUES(49,905,'15','mL');
INSERT INTO has_ingredient VALUES(49,100,'1','');
INSERT INTO has_ingredient VALUES(50,926,'','');
INSERT INTO has_ingredient VALUES(50,29,'','');
INSERT INTO has_ingredient VALUES(51,481,'30','mL');
INSERT INTO has_ingredient VALUES(51,764,'15','mL');
INSERT INTO has_ingredient VALUES(51,27,'30','mL');
INSERT INTO has_ingredient VALUES(51,824,'10','mL');
INSERT INTO has_ingredient VALUES(52,781,'30','mL');
INSERT INTO has_ingredient VALUES(52,778,'30','mL');
INSERT INTO has_ingredient VALUES(52,22,'40','mL');
INSERT INTO has_ingredient VALUES(53,2,'','');
INSERT INTO has_ingredient VALUES(53,702,'30','mL');
INSERT INTO has_ingredient VALUES(53,815,'15','mL');
INSERT INTO has_ingredient VALUES(53,32,'10','mL');
INSERT INTO has_ingredient VALUES(53,30,'60','mL');
INSERT INTO has_ingredient VALUES(53,10,'30','mL');
INSERT INTO has_ingredient VALUES(53,109,'1','');
INSERT INTO has_ingredient VALUES(53,68,'1','');
INSERT INTO has_ingredient VALUES(54,905,'150','mL');
INSERT INTO has_ingredient VALUES(54,937,'10','mL');
INSERT INTO has_ingredient VALUES(54,32,'30','mL');
CREATE TABLE tags(
	tagid integer primary key,
	name text unique not null
);
INSERT INTO tags VALUES(1,'non-alcoholic');
INSERT INTO tags VALUES(2,'cold');
INSERT INTO tags VALUES(3,'milk');
INSERT INTO tags VALUES(4,'dairy');
INSERT INTO tags VALUES(5,'nuts');
INSERT INTO tags VALUES(6,'vegan');
INSERT INTO tags VALUES(7,'vegetarian');
INSERT INTO tags VALUES(8,'non-dairy');
INSERT INTO tags VALUES(9,'pet friendly');
INSERT INTO tags VALUES(10,'coffee');
INSERT INTO tags VALUES(11,'caffeine');
INSERT INTO tags VALUES(12,'juice');
INSERT INTO tags VALUES(13,'alcohol');
INSERT INTO tags VALUES(14,'liqueur');
INSERT INTO tags VALUES(15,'peach liqueur');
INSERT INTO tags VALUES(16,'fruit');
INSERT INTO tags VALUES(17,'herb');
INSERT INTO tags VALUES(18,'spice');
INSERT INTO tags VALUES(19,'vegetable');
INSERT INTO tags VALUES(20,'tea');
INSERT INTO tags VALUES(21,'black tea');
INSERT INTO tags VALUES(22,'green tea');
INSERT INTO tags VALUES(23,'oolong tea');
INSERT INTO tags VALUES(24,'white tea');
INSERT INTO tags VALUES(25,'herbal tea');
INSERT INTO tags VALUES(26,'gin');
INSERT INTO tags VALUES(27,'vodka');
INSERT INTO tags VALUES(28,'rum');
INSERT INTO tags VALUES(29,'tequila');
INSERT INTO tags VALUES(30,'cognac');
INSERT INTO tags VALUES(31,'whisky');
INSERT INTO tags VALUES(32,'scotch');
INSERT INTO tags VALUES(33,'whiskey');
INSERT INTO tags VALUES(34,'japanese');
INSERT INTO tags VALUES(35,'australian');
INSERT INTO tags VALUES(36,'coffee liqueur');
INSERT INTO tags VALUES(37,'caffein');
INSERT INTO tags VALUES(38,'eggs');
INSERT INTO tags VALUES(39,'cream liqueur');
INSERT INTO tags VALUES(40,'chocolate liqueur');
INSERT INTO tags VALUES(41,'banana liqueur');
INSERT INTO tags VALUES(42,'blackcurrant liqueur');
INSERT INTO tags VALUES(43,'sour cherry liqueur');
INSERT INTO tags VALUES(44,'peppermint liqueur');
INSERT INTO tags VALUES(45,'almond liqueur');
INSERT INTO tags VALUES(46,'apricot kernel liqueur');
INSERT INTO tags VALUES(47,'violet liqueur');
INSERT INTO tags VALUES(48,'fruit liqueur');
INSERT INTO tags VALUES(49,'flower citrus liqueur');
INSERT INTO tags VALUES(50,'elderflower liqueur');
INSERT INTO tags VALUES(51,'orange liqueur');
INSERT INTO tags VALUES(52,'cherry liqueur');
INSERT INTO tags VALUES(53,'orange herbal liqueur');
INSERT INTO tags VALUES(54,'pear liqueur');
INSERT INTO tags VALUES(55,'strawberry liqueur');
INSERT INTO tags VALUES(56,'melon liqueur');
INSERT INTO tags VALUES(57,'lychee liqueur');
INSERT INTO tags VALUES(58,'apple liqueur');
INSERT INTO tags VALUES(59,'apricot liqueur');
INSERT INTO tags VALUES(60,'chartreuse');
INSERT INTO tags VALUES(61,'cinnamon whiskey');
INSERT INTO tags VALUES(62,'cinnamon');
INSERT INTO tags VALUES(63,'sugar');
INSERT INTO tags VALUES(64,'syrup');
INSERT INTO tags VALUES(65,'cream');
INSERT INTO tags VALUES(66,'custard');
INSERT INTO tags VALUES(67,'cheese');
INSERT INTO tags VALUES(68,'soda');
INSERT INTO tags VALUES(69,'fizzy');
INSERT INTO tags VALUES(70,'tonic');
INSERT INTO tags VALUES(71,'energy');
INSERT INTO tags VALUES(72,'wine');
INSERT INTO tags VALUES(73,'white wine');
INSERT INTO tags VALUES(74,'red wine');
INSERT INTO tags VALUES(75,'sparkling wine');
INSERT INTO tags VALUES(76,'port');
INSERT INTO tags VALUES(77,'sherry');
INSERT INTO tags VALUES(78,'tawny');
INSERT INTO tags VALUES(79,'dessert');
INSERT INTO tags VALUES(80,'chocolate');
INSERT INTO tags VALUES(81,'powder');
INSERT INTO tags VALUES(82,'topping');
INSERT INTO tags VALUES(83,'vermouth');
INSERT INTO tags VALUES(84,'dry vermouth');
INSERT INTO tags VALUES(85,'sweet vermouth');
INSERT INTO tags VALUES(86,'olives');
INSERT INTO tags VALUES(87,'brine');
INSERT INTO tags VALUES(88,'bitters');
INSERT INTO tags VALUES(89,'rye');
INSERT INTO tags VALUES(90,'egg');
INSERT INTO tags VALUES(91,'protein');
INSERT INTO tags VALUES(92,'puree');
INSERT INTO tags VALUES(93,'raspberry');
INSERT INTO tags VALUES(94,'passionfruit');
INSERT INTO tags VALUES(95,'peach');
INSERT INTO tags VALUES(96,'strawberry');
INSERT INTO tags VALUES(97,'blackberry');
INSERT INTO tags VALUES(98,'blackberry liqueur');
INSERT INTO tags VALUES(99,'passionfruit liqueur');
INSERT INTO tags VALUES(100,'aperol');
INSERT INTO tags VALUES(101,'aperitif');
CREATE TABLE has_tag(
	recipe integer,
	tag integer,
	PRIMARY KEY(recipe, tag)
	FOREIGN KEY(recipe) REFERENCES recipes(recipeid),
	FOREIGN KEY(tag) REFERENCES tags(tagid)
);
INSERT INTO has_tag VALUES(1,1);
INSERT INTO has_tag VALUES(1,2);
INSERT INTO has_tag VALUES(2,64);
INSERT INTO has_tag VALUES(2,1);
INSERT INTO has_tag VALUES(2,2);
INSERT INTO has_tag VALUES(2,68);
INSERT INTO has_tag VALUES(2,69);
INSERT INTO has_tag VALUES(2,6);
INSERT INTO has_tag VALUES(2,7);
INSERT INTO has_tag VALUES(2,16);
INSERT INTO has_tag VALUES(2,63);
INSERT INTO has_tag VALUES(3,2);
INSERT INTO has_tag VALUES(3,6);
INSERT INTO has_tag VALUES(3,7);
INSERT INTO has_tag VALUES(3,9);
INSERT INTO has_tag VALUES(3,12);
INSERT INTO has_tag VALUES(3,13);
INSERT INTO has_tag VALUES(3,27);
INSERT INTO has_tag VALUES(4,1);
INSERT INTO has_tag VALUES(4,6);
INSERT INTO has_tag VALUES(4,7);
INSERT INTO has_tag VALUES(4,10);
INSERT INTO has_tag VALUES(4,11);
INSERT INTO has_tag VALUES(5,1);
INSERT INTO has_tag VALUES(5,3);
INSERT INTO has_tag VALUES(5,4);
INSERT INTO has_tag VALUES(5,6);
INSERT INTO has_tag VALUES(5,7);
INSERT INTO has_tag VALUES(5,10);
INSERT INTO has_tag VALUES(5,11);
INSERT INTO has_tag VALUES(5,80);
INSERT INTO has_tag VALUES(5,81);
INSERT INTO has_tag VALUES(5,82);
INSERT INTO has_tag VALUES(6,1);
INSERT INTO has_tag VALUES(6,6);
INSERT INTO has_tag VALUES(6,7);
INSERT INTO has_tag VALUES(6,10);
INSERT INTO has_tag VALUES(6,11);
INSERT INTO has_tag VALUES(7,1);
INSERT INTO has_tag VALUES(7,6);
INSERT INTO has_tag VALUES(7,7);
INSERT INTO has_tag VALUES(7,10);
INSERT INTO has_tag VALUES(7,11);
INSERT INTO has_tag VALUES(8,1);
INSERT INTO has_tag VALUES(8,6);
INSERT INTO has_tag VALUES(8,7);
INSERT INTO has_tag VALUES(8,10);
INSERT INTO has_tag VALUES(8,11);
INSERT INTO has_tag VALUES(9,1);
INSERT INTO has_tag VALUES(9,6);
INSERT INTO has_tag VALUES(9,7);
INSERT INTO has_tag VALUES(9,10);
INSERT INTO has_tag VALUES(9,11);
INSERT INTO has_tag VALUES(10,1);
INSERT INTO has_tag VALUES(10,6);
INSERT INTO has_tag VALUES(10,7);
INSERT INTO has_tag VALUES(10,10);
INSERT INTO has_tag VALUES(10,11);
INSERT INTO has_tag VALUES(11,1);
INSERT INTO has_tag VALUES(11,2);
INSERT INTO has_tag VALUES(11,3);
INSERT INTO has_tag VALUES(11,4);
INSERT INTO has_tag VALUES(11,6);
INSERT INTO has_tag VALUES(11,7);
INSERT INTO has_tag VALUES(11,10);
INSERT INTO has_tag VALUES(11,11);
INSERT INTO has_tag VALUES(12,64);
INSERT INTO has_tag VALUES(12,1);
INSERT INTO has_tag VALUES(12,2);
INSERT INTO has_tag VALUES(12,3);
INSERT INTO has_tag VALUES(12,4);
INSERT INTO has_tag VALUES(12,63);
INSERT INTO has_tag VALUES(13,64);
INSERT INTO has_tag VALUES(13,1);
INSERT INTO has_tag VALUES(13,2);
INSERT INTO has_tag VALUES(13,3);
INSERT INTO has_tag VALUES(13,4);
INSERT INTO has_tag VALUES(13,6);
INSERT INTO has_tag VALUES(13,7);
INSERT INTO has_tag VALUES(13,10);
INSERT INTO has_tag VALUES(13,11);
INSERT INTO has_tag VALUES(13,63);
INSERT INTO has_tag VALUES(14,2);
INSERT INTO has_tag VALUES(14,68);
INSERT INTO has_tag VALUES(14,69);
INSERT INTO has_tag VALUES(14,70);
INSERT INTO has_tag VALUES(14,6);
INSERT INTO has_tag VALUES(14,7);
INSERT INTO has_tag VALUES(14,13);
INSERT INTO has_tag VALUES(14,16);
INSERT INTO has_tag VALUES(14,26);
INSERT INTO has_tag VALUES(15,2);
INSERT INTO has_tag VALUES(15,68);
INSERT INTO has_tag VALUES(15,69);
INSERT INTO has_tag VALUES(15,6);
INSERT INTO has_tag VALUES(15,7);
INSERT INTO has_tag VALUES(15,12);
INSERT INTO has_tag VALUES(15,13);
INSERT INTO has_tag VALUES(15,16);
INSERT INTO has_tag VALUES(15,28);
INSERT INTO has_tag VALUES(16,64);
INSERT INTO has_tag VALUES(16,2);
INSERT INTO has_tag VALUES(16,6);
INSERT INTO has_tag VALUES(16,7);
INSERT INTO has_tag VALUES(16,9);
INSERT INTO has_tag VALUES(16,12);
INSERT INTO has_tag VALUES(16,13);
INSERT INTO has_tag VALUES(16,29);
INSERT INTO has_tag VALUES(16,63);
INSERT INTO has_tag VALUES(17,32);
INSERT INTO has_tag VALUES(17,2);
INSERT INTO has_tag VALUES(17,13);
INSERT INTO has_tag VALUES(17,14);
INSERT INTO has_tag VALUES(17,31);
INSERT INTO has_tag VALUES(18,2);
INSERT INTO has_tag VALUES(18,36);
INSERT INTO has_tag VALUES(18,37);
INSERT INTO has_tag VALUES(18,13);
INSERT INTO has_tag VALUES(18,14);
INSERT INTO has_tag VALUES(18,27);
INSERT INTO has_tag VALUES(19,2);
INSERT INTO has_tag VALUES(19,3);
INSERT INTO has_tag VALUES(19,36);
INSERT INTO has_tag VALUES(19,37);
INSERT INTO has_tag VALUES(19,4);
INSERT INTO has_tag VALUES(19,13);
INSERT INTO has_tag VALUES(19,14);
INSERT INTO has_tag VALUES(19,27);
INSERT INTO has_tag VALUES(20,2);
INSERT INTO has_tag VALUES(20,68);
INSERT INTO has_tag VALUES(20,69);
INSERT INTO has_tag VALUES(20,6);
INSERT INTO has_tag VALUES(20,7);
INSERT INTO has_tag VALUES(20,12);
INSERT INTO has_tag VALUES(20,13);
INSERT INTO has_tag VALUES(20,16);
INSERT INTO has_tag VALUES(20,27);
INSERT INTO has_tag VALUES(21,2);
INSERT INTO has_tag VALUES(21,6);
INSERT INTO has_tag VALUES(21,7);
INSERT INTO has_tag VALUES(21,9);
INSERT INTO has_tag VALUES(21,12);
INSERT INTO has_tag VALUES(21,13);
INSERT INTO has_tag VALUES(21,14);
INSERT INTO has_tag VALUES(21,15);
INSERT INTO has_tag VALUES(21,27);
INSERT INTO has_tag VALUES(22,6);
INSERT INTO has_tag VALUES(22,7);
INSERT INTO has_tag VALUES(22,9);
INSERT INTO has_tag VALUES(22,12);
INSERT INTO has_tag VALUES(22,13);
INSERT INTO has_tag VALUES(22,14);
INSERT INTO has_tag VALUES(22,16);
INSERT INTO has_tag VALUES(22,51);
INSERT INTO has_tag VALUES(22,27);
INSERT INTO has_tag VALUES(23,64);
INSERT INTO has_tag VALUES(23,6);
INSERT INTO has_tag VALUES(23,7);
INSERT INTO has_tag VALUES(23,12);
INSERT INTO has_tag VALUES(23,13);
INSERT INTO has_tag VALUES(23,28);
INSERT INTO has_tag VALUES(23,63);
INSERT INTO has_tag VALUES(24,6);
INSERT INTO has_tag VALUES(24,7);
INSERT INTO has_tag VALUES(24,9);
INSERT INTO has_tag VALUES(24,12);
INSERT INTO has_tag VALUES(24,13);
INSERT INTO has_tag VALUES(24,14);
INSERT INTO has_tag VALUES(24,16);
INSERT INTO has_tag VALUES(24,27);
INSERT INTO has_tag VALUES(25,64);
INSERT INTO has_tag VALUES(25,2);
INSERT INTO has_tag VALUES(25,68);
INSERT INTO has_tag VALUES(25,69);
INSERT INTO has_tag VALUES(25,6);
INSERT INTO has_tag VALUES(25,7);
INSERT INTO has_tag VALUES(25,12);
INSERT INTO has_tag VALUES(25,13);
INSERT INTO has_tag VALUES(25,16);
INSERT INTO has_tag VALUES(25,26);
INSERT INTO has_tag VALUES(25,63);
INSERT INTO has_tag VALUES(26,64);
INSERT INTO has_tag VALUES(26,2);
INSERT INTO has_tag VALUES(26,68);
INSERT INTO has_tag VALUES(26,69);
INSERT INTO has_tag VALUES(26,6);
INSERT INTO has_tag VALUES(26,7);
INSERT INTO has_tag VALUES(26,12);
INSERT INTO has_tag VALUES(26,13);
INSERT INTO has_tag VALUES(26,14);
INSERT INTO has_tag VALUES(26,16);
INSERT INTO has_tag VALUES(26,51);
INSERT INTO has_tag VALUES(26,26);
INSERT INTO has_tag VALUES(26,27);
INSERT INTO has_tag VALUES(26,28);
INSERT INTO has_tag VALUES(26,29);
INSERT INTO has_tag VALUES(26,63);
INSERT INTO has_tag VALUES(27,6);
INSERT INTO has_tag VALUES(27,7);
INSERT INTO has_tag VALUES(27,13);
INSERT INTO has_tag VALUES(27,14);
INSERT INTO has_tag VALUES(27,16);
INSERT INTO has_tag VALUES(27,83);
INSERT INTO has_tag VALUES(27,84);
INSERT INTO has_tag VALUES(27,26);
INSERT INTO has_tag VALUES(28,6);
INSERT INTO has_tag VALUES(28,7);
INSERT INTO has_tag VALUES(28,12);
INSERT INTO has_tag VALUES(28,13);
INSERT INTO has_tag VALUES(28,14);
INSERT INTO has_tag VALUES(28,16);
INSERT INTO has_tag VALUES(28,83);
INSERT INTO has_tag VALUES(28,84);
INSERT INTO has_tag VALUES(28,86);
INSERT INTO has_tag VALUES(28,87);
INSERT INTO has_tag VALUES(28,26);
INSERT INTO has_tag VALUES(29,64);
INSERT INTO has_tag VALUES(29,6);
INSERT INTO has_tag VALUES(29,7);
INSERT INTO has_tag VALUES(29,12);
INSERT INTO has_tag VALUES(29,13);
INSERT INTO has_tag VALUES(29,14);
INSERT INTO has_tag VALUES(29,51);
INSERT INTO has_tag VALUES(29,29);
INSERT INTO has_tag VALUES(29,63);
INSERT INTO has_tag VALUES(30,33);
INSERT INTO has_tag VALUES(30,6);
INSERT INTO has_tag VALUES(30,7);
INSERT INTO has_tag VALUES(30,13);
INSERT INTO has_tag VALUES(30,14);
INSERT INTO has_tag VALUES(30,16);
INSERT INTO has_tag VALUES(30,83);
INSERT INTO has_tag VALUES(30,85);
INSERT INTO has_tag VALUES(30,88);
INSERT INTO has_tag VALUES(30,89);
INSERT INTO has_tag VALUES(31,64);
INSERT INTO has_tag VALUES(31,2);
INSERT INTO has_tag VALUES(31,6);
INSERT INTO has_tag VALUES(31,7);
INSERT INTO has_tag VALUES(31,12);
INSERT INTO has_tag VALUES(31,13);
INSERT INTO has_tag VALUES(31,14);
INSERT INTO has_tag VALUES(31,16);
INSERT INTO has_tag VALUES(31,88);
INSERT INTO has_tag VALUES(31,90);
INSERT INTO has_tag VALUES(31,91);
INSERT INTO has_tag VALUES(31,63);
INSERT INTO has_tag VALUES(32,64);
INSERT INTO has_tag VALUES(32,33);
INSERT INTO has_tag VALUES(32,2);
INSERT INTO has_tag VALUES(32,6);
INSERT INTO has_tag VALUES(32,7);
INSERT INTO has_tag VALUES(32,12);
INSERT INTO has_tag VALUES(32,13);
INSERT INTO has_tag VALUES(32,14);
INSERT INTO has_tag VALUES(32,16);
INSERT INTO has_tag VALUES(32,88);
INSERT INTO has_tag VALUES(32,90);
INSERT INTO has_tag VALUES(32,91);
INSERT INTO has_tag VALUES(32,63);
INSERT INTO has_tag VALUES(33,90);
INSERT INTO has_tag VALUES(33,6);
INSERT INTO has_tag VALUES(33,7);
INSERT INTO has_tag VALUES(33,9);
INSERT INTO has_tag VALUES(33,12);
INSERT INTO has_tag VALUES(33,13);
INSERT INTO has_tag VALUES(33,16);
INSERT INTO has_tag VALUES(33,26);
INSERT INTO has_tag VALUES(33,91);
INSERT INTO has_tag VALUES(33,92);
INSERT INTO has_tag VALUES(33,93);
INSERT INTO has_tag VALUES(34,64);
INSERT INTO has_tag VALUES(34,97);
INSERT INTO has_tag VALUES(34,2);
INSERT INTO has_tag VALUES(34,98);
INSERT INTO has_tag VALUES(34,6);
INSERT INTO has_tag VALUES(34,7);
INSERT INTO has_tag VALUES(34,9);
INSERT INTO has_tag VALUES(34,12);
INSERT INTO has_tag VALUES(34,13);
INSERT INTO has_tag VALUES(34,14);
INSERT INTO has_tag VALUES(34,16);
INSERT INTO has_tag VALUES(34,26);
INSERT INTO has_tag VALUES(34,63);
INSERT INTO has_tag VALUES(35,64);
INSERT INTO has_tag VALUES(35,2);
INSERT INTO has_tag VALUES(35,68);
INSERT INTO has_tag VALUES(35,69);
INSERT INTO has_tag VALUES(35,6);
INSERT INTO has_tag VALUES(35,7);
INSERT INTO has_tag VALUES(35,13);
INSERT INTO has_tag VALUES(35,16);
INSERT INTO has_tag VALUES(35,17);
INSERT INTO has_tag VALUES(35,18);
INSERT INTO has_tag VALUES(35,28);
INSERT INTO has_tag VALUES(35,63);
INSERT INTO has_tag VALUES(36,33);
INSERT INTO has_tag VALUES(36,2);
INSERT INTO has_tag VALUES(36,68);
INSERT INTO has_tag VALUES(36,69);
INSERT INTO has_tag VALUES(36,6);
INSERT INTO has_tag VALUES(36,7);
INSERT INTO has_tag VALUES(36,13);
INSERT INTO has_tag VALUES(36,14);
INSERT INTO has_tag VALUES(36,17);
INSERT INTO has_tag VALUES(36,18);
INSERT INTO has_tag VALUES(36,88);
INSERT INTO has_tag VALUES(37,64);
INSERT INTO has_tag VALUES(37,2);
INSERT INTO has_tag VALUES(37,6);
INSERT INTO has_tag VALUES(37,7);
INSERT INTO has_tag VALUES(37,12);
INSERT INTO has_tag VALUES(37,13);
INSERT INTO has_tag VALUES(37,17);
INSERT INTO has_tag VALUES(37,18);
INSERT INTO has_tag VALUES(37,26);
INSERT INTO has_tag VALUES(37,63);
INSERT INTO has_tag VALUES(38,64);
INSERT INTO has_tag VALUES(38,6);
INSERT INTO has_tag VALUES(38,7);
INSERT INTO has_tag VALUES(38,12);
INSERT INTO has_tag VALUES(38,13);
INSERT INTO has_tag VALUES(38,17);
INSERT INTO has_tag VALUES(38,18);
INSERT INTO has_tag VALUES(38,26);
INSERT INTO has_tag VALUES(38,63);
INSERT INTO has_tag VALUES(39,4);
INSERT INTO has_tag VALUES(39,36);
INSERT INTO has_tag VALUES(39,37);
INSERT INTO has_tag VALUES(39,5);
INSERT INTO has_tag VALUES(39,39);
INSERT INTO has_tag VALUES(39,13);
INSERT INTO has_tag VALUES(39,14);
INSERT INTO has_tag VALUES(39,51);
INSERT INTO has_tag VALUES(40,64);
INSERT INTO has_tag VALUES(40,99);
INSERT INTO has_tag VALUES(40,69);
INSERT INTO has_tag VALUES(40,6);
INSERT INTO has_tag VALUES(40,7);
INSERT INTO has_tag VALUES(40,72);
INSERT INTO has_tag VALUES(40,75);
INSERT INTO has_tag VALUES(40,12);
INSERT INTO has_tag VALUES(40,13);
INSERT INTO has_tag VALUES(40,14);
INSERT INTO has_tag VALUES(40,16);
INSERT INTO has_tag VALUES(40,27);
INSERT INTO has_tag VALUES(40,92);
INSERT INTO has_tag VALUES(40,94);
INSERT INTO has_tag VALUES(40,63);
INSERT INTO has_tag VALUES(41,69);
INSERT INTO has_tag VALUES(41,72);
INSERT INTO has_tag VALUES(41,75);
INSERT INTO has_tag VALUES(41,13);
INSERT INTO has_tag VALUES(41,14);
INSERT INTO has_tag VALUES(41,15);
INSERT INTO has_tag VALUES(41,16);
INSERT INTO has_tag VALUES(41,92);
INSERT INTO has_tag VALUES(41,95);
INSERT INTO has_tag VALUES(42,64);
INSERT INTO has_tag VALUES(42,69);
INSERT INTO has_tag VALUES(42,6);
INSERT INTO has_tag VALUES(42,7);
INSERT INTO has_tag VALUES(42,72);
INSERT INTO has_tag VALUES(42,75);
INSERT INTO has_tag VALUES(42,12);
INSERT INTO has_tag VALUES(42,13);
INSERT INTO has_tag VALUES(42,16);
INSERT INTO has_tag VALUES(42,26);
INSERT INTO has_tag VALUES(42,63);
INSERT INTO has_tag VALUES(43,33);
INSERT INTO has_tag VALUES(43,68);
INSERT INTO has_tag VALUES(43,69);
INSERT INTO has_tag VALUES(43,6);
INSERT INTO has_tag VALUES(43,7);
INSERT INTO has_tag VALUES(43,9);
INSERT INTO has_tag VALUES(43,13);
INSERT INTO has_tag VALUES(43,14);
INSERT INTO has_tag VALUES(43,16);
INSERT INTO has_tag VALUES(43,88);
INSERT INTO has_tag VALUES(44,2);
INSERT INTO has_tag VALUES(44,68);
INSERT INTO has_tag VALUES(44,69);
INSERT INTO has_tag VALUES(44,6);
INSERT INTO has_tag VALUES(44,7);
INSERT INTO has_tag VALUES(44,12);
INSERT INTO has_tag VALUES(44,13);
INSERT INTO has_tag VALUES(44,16);
INSERT INTO has_tag VALUES(44,28);
INSERT INTO has_tag VALUES(45,64);
INSERT INTO has_tag VALUES(45,6);
INSERT INTO has_tag VALUES(45,7);
INSERT INTO has_tag VALUES(45,12);
INSERT INTO has_tag VALUES(45,13);
INSERT INTO has_tag VALUES(45,14);
INSERT INTO has_tag VALUES(45,16);
INSERT INTO has_tag VALUES(45,51);
INSERT INTO has_tag VALUES(45,26);
INSERT INTO has_tag VALUES(45,63);
INSERT INTO has_tag VALUES(46,64);
INSERT INTO has_tag VALUES(46,6);
INSERT INTO has_tag VALUES(46,7);
INSERT INTO has_tag VALUES(46,13);
INSERT INTO has_tag VALUES(46,14);
INSERT INTO has_tag VALUES(46,16);
INSERT INTO has_tag VALUES(46,52);
INSERT INTO has_tag VALUES(46,26);
INSERT INTO has_tag VALUES(46,63);
INSERT INTO has_tag VALUES(47,6);
INSERT INTO has_tag VALUES(47,7);
INSERT INTO has_tag VALUES(47,9);
INSERT INTO has_tag VALUES(47,13);
INSERT INTO has_tag VALUES(47,14);
INSERT INTO has_tag VALUES(47,16);
INSERT INTO has_tag VALUES(47,83);
INSERT INTO has_tag VALUES(47,85);
INSERT INTO has_tag VALUES(47,26);
INSERT INTO has_tag VALUES(48,33);
INSERT INTO has_tag VALUES(48,6);
INSERT INTO has_tag VALUES(48,7);
INSERT INTO has_tag VALUES(48,9);
INSERT INTO has_tag VALUES(48,13);
INSERT INTO has_tag VALUES(48,14);
INSERT INTO has_tag VALUES(48,16);
INSERT INTO has_tag VALUES(48,83);
INSERT INTO has_tag VALUES(48,85);
INSERT INTO has_tag VALUES(48,89);
INSERT INTO has_tag VALUES(49,100);
INSERT INTO has_tag VALUES(49,101);
INSERT INTO has_tag VALUES(49,69);
INSERT INTO has_tag VALUES(49,68);
INSERT INTO has_tag VALUES(49,72);
INSERT INTO has_tag VALUES(49,9);
INSERT INTO has_tag VALUES(49,6);
INSERT INTO has_tag VALUES(49,75);
INSERT INTO has_tag VALUES(49,7);
INSERT INTO has_tag VALUES(49,13);
INSERT INTO has_tag VALUES(49,16);
INSERT INTO has_tag VALUES(50,1);
INSERT INTO has_tag VALUES(50,69);
INSERT INTO has_tag VALUES(50,6);
INSERT INTO has_tag VALUES(50,7);
INSERT INTO has_tag VALUES(50,72);
INSERT INTO has_tag VALUES(50,9);
INSERT INTO has_tag VALUES(50,75);
INSERT INTO has_tag VALUES(50,12);
INSERT INTO has_tag VALUES(51,64);
INSERT INTO has_tag VALUES(51,36);
INSERT INTO has_tag VALUES(51,37);
INSERT INTO has_tag VALUES(51,6);
INSERT INTO has_tag VALUES(51,7);
INSERT INTO has_tag VALUES(51,10);
INSERT INTO has_tag VALUES(51,11);
INSERT INTO has_tag VALUES(51,13);
INSERT INTO has_tag VALUES(51,14);
INSERT INTO has_tag VALUES(51,27);
INSERT INTO has_tag VALUES(51,63);
INSERT INTO has_tag VALUES(52,3);
INSERT INTO has_tag VALUES(52,4);
INSERT INTO has_tag VALUES(52,40);
INSERT INTO has_tag VALUES(52,44);
INSERT INTO has_tag VALUES(52,13);
INSERT INTO has_tag VALUES(52,14);
INSERT INTO has_tag VALUES(53,2);
INSERT INTO has_tag VALUES(53,3);
INSERT INTO has_tag VALUES(53,6);
INSERT INTO has_tag VALUES(53,7);
INSERT INTO has_tag VALUES(53,8);
INSERT INTO has_tag VALUES(53,9);
INSERT INTO has_tag VALUES(53,12);
INSERT INTO has_tag VALUES(53,13);
INSERT INTO has_tag VALUES(53,14);
INSERT INTO has_tag VALUES(53,16);
INSERT INTO has_tag VALUES(53,28);
INSERT INTO has_tag VALUES(54,68);
INSERT INTO has_tag VALUES(54,69);
INSERT INTO has_tag VALUES(54,6);
INSERT INTO has_tag VALUES(54,7);
INSERT INTO has_tag VALUES(54,12);
INSERT INTO has_tag VALUES(54,13);
INSERT INTO has_tag VALUES(54,14);
INSERT INTO has_tag VALUES(54,88);
CREATE TABLE ingredient_has_tag(
	ingredient integer,
	tag integer,
	PRIMARY KEY(ingredient, tag),
	FOREIGN KEY(ingredient) REFERENCES ingredients(ingredientid),
	FOREIGN KEY(tag) REFERENCES tags(tagid)
);
INSERT INTO ingredient_has_tag VALUES(2,2);
INSERT INTO ingredient_has_tag VALUES(3,3);
INSERT INTO ingredient_has_tag VALUES(3,4);
INSERT INTO ingredient_has_tag VALUES(4,3);
INSERT INTO ingredient_has_tag VALUES(4,5);
INSERT INTO ingredient_has_tag VALUES(4,6);
INSERT INTO ingredient_has_tag VALUES(4,7);
INSERT INTO ingredient_has_tag VALUES(4,8);
INSERT INTO ingredient_has_tag VALUES(4,9);
INSERT INTO ingredient_has_tag VALUES(5,3);
INSERT INTO ingredient_has_tag VALUES(5,6);
INSERT INTO ingredient_has_tag VALUES(5,7);
INSERT INTO ingredient_has_tag VALUES(5,8);
INSERT INTO ingredient_has_tag VALUES(5,9);
INSERT INTO ingredient_has_tag VALUES(6,3);
INSERT INTO ingredient_has_tag VALUES(6,5);
INSERT INTO ingredient_has_tag VALUES(6,6);
INSERT INTO ingredient_has_tag VALUES(6,7);
INSERT INTO ingredient_has_tag VALUES(6,8);
INSERT INTO ingredient_has_tag VALUES(6,9);
INSERT INTO ingredient_has_tag VALUES(7,8);
INSERT INTO ingredient_has_tag VALUES(7,3);
INSERT INTO ingredient_has_tag VALUES(7,6);
INSERT INTO ingredient_has_tag VALUES(7,7);
INSERT INTO ingredient_has_tag VALUES(8,8);
INSERT INTO ingredient_has_tag VALUES(8,3);
INSERT INTO ingredient_has_tag VALUES(8,6);
INSERT INTO ingredient_has_tag VALUES(8,7);
INSERT INTO ingredient_has_tag VALUES(9,8);
INSERT INTO ingredient_has_tag VALUES(9,3);
INSERT INTO ingredient_has_tag VALUES(9,6);
INSERT INTO ingredient_has_tag VALUES(9,7);
INSERT INTO ingredient_has_tag VALUES(10,8);
INSERT INTO ingredient_has_tag VALUES(10,3);
INSERT INTO ingredient_has_tag VALUES(10,6);
INSERT INTO ingredient_has_tag VALUES(10,7);
INSERT INTO ingredient_has_tag VALUES(11,3);
INSERT INTO ingredient_has_tag VALUES(11,4);
INSERT INTO ingredient_has_tag VALUES(12,3);
INSERT INTO ingredient_has_tag VALUES(12,4);
INSERT INTO ingredient_has_tag VALUES(13,3);
INSERT INTO ingredient_has_tag VALUES(13,4);
INSERT INTO ingredient_has_tag VALUES(14,3);
INSERT INTO ingredient_has_tag VALUES(14,4);
INSERT INTO ingredient_has_tag VALUES(15,9);
INSERT INTO ingredient_has_tag VALUES(15,3);
INSERT INTO ingredient_has_tag VALUES(15,4);
INSERT INTO ingredient_has_tag VALUES(16,3);
INSERT INTO ingredient_has_tag VALUES(16,4);
INSERT INTO ingredient_has_tag VALUES(17,8);
INSERT INTO ingredient_has_tag VALUES(17,3);
INSERT INTO ingredient_has_tag VALUES(18,3);
INSERT INTO ingredient_has_tag VALUES(18,4);
INSERT INTO ingredient_has_tag VALUES(19,3);
INSERT INTO ingredient_has_tag VALUES(19,4);
INSERT INTO ingredient_has_tag VALUES(20,3);
INSERT INTO ingredient_has_tag VALUES(20,4);
INSERT INTO ingredient_has_tag VALUES(21,3);
INSERT INTO ingredient_has_tag VALUES(21,4);
INSERT INTO ingredient_has_tag VALUES(22,3);
INSERT INTO ingredient_has_tag VALUES(22,4);
INSERT INTO ingredient_has_tag VALUES(23,10);
INSERT INTO ingredient_has_tag VALUES(23,11);
INSERT INTO ingredient_has_tag VALUES(23,6);
INSERT INTO ingredient_has_tag VALUES(23,7);
INSERT INTO ingredient_has_tag VALUES(24,10);
INSERT INTO ingredient_has_tag VALUES(24,11);
INSERT INTO ingredient_has_tag VALUES(24,6);
INSERT INTO ingredient_has_tag VALUES(24,7);
INSERT INTO ingredient_has_tag VALUES(25,10);
INSERT INTO ingredient_has_tag VALUES(25,11);
INSERT INTO ingredient_has_tag VALUES(25,6);
INSERT INTO ingredient_has_tag VALUES(25,7);
INSERT INTO ingredient_has_tag VALUES(26,10);
INSERT INTO ingredient_has_tag VALUES(26,11);
INSERT INTO ingredient_has_tag VALUES(26,6);
INSERT INTO ingredient_has_tag VALUES(26,7);
INSERT INTO ingredient_has_tag VALUES(27,10);
INSERT INTO ingredient_has_tag VALUES(27,11);
INSERT INTO ingredient_has_tag VALUES(27,6);
INSERT INTO ingredient_has_tag VALUES(27,7);
INSERT INTO ingredient_has_tag VALUES(28,9);
INSERT INTO ingredient_has_tag VALUES(28,12);
INSERT INTO ingredient_has_tag VALUES(28,6);
INSERT INTO ingredient_has_tag VALUES(28,7);
INSERT INTO ingredient_has_tag VALUES(29,9);
INSERT INTO ingredient_has_tag VALUES(29,12);
INSERT INTO ingredient_has_tag VALUES(29,6);
INSERT INTO ingredient_has_tag VALUES(29,7);
INSERT INTO ingredient_has_tag VALUES(30,9);
INSERT INTO ingredient_has_tag VALUES(30,12);
INSERT INTO ingredient_has_tag VALUES(30,6);
INSERT INTO ingredient_has_tag VALUES(30,7);
INSERT INTO ingredient_has_tag VALUES(31,12);
INSERT INTO ingredient_has_tag VALUES(31,6);
INSERT INTO ingredient_has_tag VALUES(31,7);
INSERT INTO ingredient_has_tag VALUES(32,12);
INSERT INTO ingredient_has_tag VALUES(32,6);
INSERT INTO ingredient_has_tag VALUES(32,7);
INSERT INTO ingredient_has_tag VALUES(33,9);
INSERT INTO ingredient_has_tag VALUES(33,12);
INSERT INTO ingredient_has_tag VALUES(33,6);
INSERT INTO ingredient_has_tag VALUES(33,7);
INSERT INTO ingredient_has_tag VALUES(34,9);
INSERT INTO ingredient_has_tag VALUES(34,12);
INSERT INTO ingredient_has_tag VALUES(34,6);
INSERT INTO ingredient_has_tag VALUES(34,7);
INSERT INTO ingredient_has_tag VALUES(35,12);
INSERT INTO ingredient_has_tag VALUES(35,6);
INSERT INTO ingredient_has_tag VALUES(35,7);
INSERT INTO ingredient_has_tag VALUES(36,12);
INSERT INTO ingredient_has_tag VALUES(36,6);
INSERT INTO ingredient_has_tag VALUES(36,7);
INSERT INTO ingredient_has_tag VALUES(37,9);
INSERT INTO ingredient_has_tag VALUES(37,12);
INSERT INTO ingredient_has_tag VALUES(37,6);
INSERT INTO ingredient_has_tag VALUES(37,7);
INSERT INTO ingredient_has_tag VALUES(38,12);
INSERT INTO ingredient_has_tag VALUES(38,6);
INSERT INTO ingredient_has_tag VALUES(38,7);
INSERT INTO ingredient_has_tag VALUES(39,12);
INSERT INTO ingredient_has_tag VALUES(39,6);
INSERT INTO ingredient_has_tag VALUES(39,7);
INSERT INTO ingredient_has_tag VALUES(40,12);
INSERT INTO ingredient_has_tag VALUES(40,6);
INSERT INTO ingredient_has_tag VALUES(40,7);
INSERT INTO ingredient_has_tag VALUES(41,12);
INSERT INTO ingredient_has_tag VALUES(41,6);
INSERT INTO ingredient_has_tag VALUES(41,7);
INSERT INTO ingredient_has_tag VALUES(42,12);
INSERT INTO ingredient_has_tag VALUES(42,6);
INSERT INTO ingredient_has_tag VALUES(42,7);
INSERT INTO ingredient_has_tag VALUES(43,12);
INSERT INTO ingredient_has_tag VALUES(43,6);
INSERT INTO ingredient_has_tag VALUES(43,7);
INSERT INTO ingredient_has_tag VALUES(44,9);
INSERT INTO ingredient_has_tag VALUES(44,12);
INSERT INTO ingredient_has_tag VALUES(44,6);
INSERT INTO ingredient_has_tag VALUES(44,7);
INSERT INTO ingredient_has_tag VALUES(45,12);
INSERT INTO ingredient_has_tag VALUES(45,6);
INSERT INTO ingredient_has_tag VALUES(45,7);
INSERT INTO ingredient_has_tag VALUES(46,9);
INSERT INTO ingredient_has_tag VALUES(46,12);
INSERT INTO ingredient_has_tag VALUES(46,6);
INSERT INTO ingredient_has_tag VALUES(46,7);
INSERT INTO ingredient_has_tag VALUES(47,9);
INSERT INTO ingredient_has_tag VALUES(47,12);
INSERT INTO ingredient_has_tag VALUES(47,6);
INSERT INTO ingredient_has_tag VALUES(47,7);
INSERT INTO ingredient_has_tag VALUES(48,9);
INSERT INTO ingredient_has_tag VALUES(48,12);
INSERT INTO ingredient_has_tag VALUES(48,6);
INSERT INTO ingredient_has_tag VALUES(48,7);
INSERT INTO ingredient_has_tag VALUES(49,12);
INSERT INTO ingredient_has_tag VALUES(49,6);
INSERT INTO ingredient_has_tag VALUES(49,7);
INSERT INTO ingredient_has_tag VALUES(50,13);
INSERT INTO ingredient_has_tag VALUES(50,14);
INSERT INTO ingredient_has_tag VALUES(50,15);
INSERT INTO ingredient_has_tag VALUES(51,12);
INSERT INTO ingredient_has_tag VALUES(51,6);
INSERT INTO ingredient_has_tag VALUES(51,7);
INSERT INTO ingredient_has_tag VALUES(52,9);
INSERT INTO ingredient_has_tag VALUES(52,12);
INSERT INTO ingredient_has_tag VALUES(52,6);
INSERT INTO ingredient_has_tag VALUES(52,7);
INSERT INTO ingredient_has_tag VALUES(53,9);
INSERT INTO ingredient_has_tag VALUES(53,12);
INSERT INTO ingredient_has_tag VALUES(53,6);
INSERT INTO ingredient_has_tag VALUES(53,7);
INSERT INTO ingredient_has_tag VALUES(54,12);
INSERT INTO ingredient_has_tag VALUES(54,6);
INSERT INTO ingredient_has_tag VALUES(54,7);
INSERT INTO ingredient_has_tag VALUES(55,12);
INSERT INTO ingredient_has_tag VALUES(55,6);
INSERT INTO ingredient_has_tag VALUES(55,7);
INSERT INTO ingredient_has_tag VALUES(56,16);
INSERT INTO ingredient_has_tag VALUES(56,9);
INSERT INTO ingredient_has_tag VALUES(56,6);
INSERT INTO ingredient_has_tag VALUES(56,7);
INSERT INTO ingredient_has_tag VALUES(57,16);
INSERT INTO ingredient_has_tag VALUES(57,6);
INSERT INTO ingredient_has_tag VALUES(57,7);
INSERT INTO ingredient_has_tag VALUES(58,16);
INSERT INTO ingredient_has_tag VALUES(58,6);
INSERT INTO ingredient_has_tag VALUES(58,7);
INSERT INTO ingredient_has_tag VALUES(59,16);
INSERT INTO ingredient_has_tag VALUES(59,6);
INSERT INTO ingredient_has_tag VALUES(59,7);
INSERT INTO ingredient_has_tag VALUES(60,16);
INSERT INTO ingredient_has_tag VALUES(60,9);
INSERT INTO ingredient_has_tag VALUES(60,6);
INSERT INTO ingredient_has_tag VALUES(60,7);
INSERT INTO ingredient_has_tag VALUES(61,16);
INSERT INTO ingredient_has_tag VALUES(61,9);
INSERT INTO ingredient_has_tag VALUES(61,6);
INSERT INTO ingredient_has_tag VALUES(61,7);
INSERT INTO ingredient_has_tag VALUES(62,16);
INSERT INTO ingredient_has_tag VALUES(62,6);
INSERT INTO ingredient_has_tag VALUES(62,7);
INSERT INTO ingredient_has_tag VALUES(63,16);
INSERT INTO ingredient_has_tag VALUES(63,9);
INSERT INTO ingredient_has_tag VALUES(63,6);
INSERT INTO ingredient_has_tag VALUES(63,7);
INSERT INTO ingredient_has_tag VALUES(64,16);
INSERT INTO ingredient_has_tag VALUES(64,6);
INSERT INTO ingredient_has_tag VALUES(64,7);
INSERT INTO ingredient_has_tag VALUES(65,16);
INSERT INTO ingredient_has_tag VALUES(65,9);
INSERT INTO ingredient_has_tag VALUES(65,6);
INSERT INTO ingredient_has_tag VALUES(65,7);
INSERT INTO ingredient_has_tag VALUES(66,16);
INSERT INTO ingredient_has_tag VALUES(66,6);
INSERT INTO ingredient_has_tag VALUES(66,7);
INSERT INTO ingredient_has_tag VALUES(67,16);
INSERT INTO ingredient_has_tag VALUES(67,6);
INSERT INTO ingredient_has_tag VALUES(67,7);
INSERT INTO ingredient_has_tag VALUES(68,16);
INSERT INTO ingredient_has_tag VALUES(68,6);
INSERT INTO ingredient_has_tag VALUES(68,7);
INSERT INTO ingredient_has_tag VALUES(69,16);
INSERT INTO ingredient_has_tag VALUES(69,6);
INSERT INTO ingredient_has_tag VALUES(69,7);
INSERT INTO ingredient_has_tag VALUES(70,16);
INSERT INTO ingredient_has_tag VALUES(70,6);
INSERT INTO ingredient_has_tag VALUES(70,7);
INSERT INTO ingredient_has_tag VALUES(71,16);
INSERT INTO ingredient_has_tag VALUES(71,9);
INSERT INTO ingredient_has_tag VALUES(71,6);
INSERT INTO ingredient_has_tag VALUES(71,7);
INSERT INTO ingredient_has_tag VALUES(72,16);
INSERT INTO ingredient_has_tag VALUES(72,6);
INSERT INTO ingredient_has_tag VALUES(72,7);
INSERT INTO ingredient_has_tag VALUES(73,16);
INSERT INTO ingredient_has_tag VALUES(73,6);
INSERT INTO ingredient_has_tag VALUES(73,7);
INSERT INTO ingredient_has_tag VALUES(74,16);
INSERT INTO ingredient_has_tag VALUES(74,6);
INSERT INTO ingredient_has_tag VALUES(74,7);
INSERT INTO ingredient_has_tag VALUES(75,16);
INSERT INTO ingredient_has_tag VALUES(75,6);
INSERT INTO ingredient_has_tag VALUES(75,7);
INSERT INTO ingredient_has_tag VALUES(76,16);
INSERT INTO ingredient_has_tag VALUES(76,6);
INSERT INTO ingredient_has_tag VALUES(76,7);
INSERT INTO ingredient_has_tag VALUES(77,16);
INSERT INTO ingredient_has_tag VALUES(77,6);
INSERT INTO ingredient_has_tag VALUES(77,7);
INSERT INTO ingredient_has_tag VALUES(78,16);
INSERT INTO ingredient_has_tag VALUES(78,6);
INSERT INTO ingredient_has_tag VALUES(78,7);
INSERT INTO ingredient_has_tag VALUES(79,16);
INSERT INTO ingredient_has_tag VALUES(79,6);
INSERT INTO ingredient_has_tag VALUES(79,7);
INSERT INTO ingredient_has_tag VALUES(80,16);
INSERT INTO ingredient_has_tag VALUES(80,6);
INSERT INTO ingredient_has_tag VALUES(80,7);
INSERT INTO ingredient_has_tag VALUES(81,16);
INSERT INTO ingredient_has_tag VALUES(81,6);
INSERT INTO ingredient_has_tag VALUES(81,7);
INSERT INTO ingredient_has_tag VALUES(82,16);
INSERT INTO ingredient_has_tag VALUES(82,6);
INSERT INTO ingredient_has_tag VALUES(82,7);
INSERT INTO ingredient_has_tag VALUES(83,16);
INSERT INTO ingredient_has_tag VALUES(83,6);
INSERT INTO ingredient_has_tag VALUES(83,7);
INSERT INTO ingredient_has_tag VALUES(84,16);
INSERT INTO ingredient_has_tag VALUES(84,6);
INSERT INTO ingredient_has_tag VALUES(84,7);
INSERT INTO ingredient_has_tag VALUES(85,16);
INSERT INTO ingredient_has_tag VALUES(85,6);
INSERT INTO ingredient_has_tag VALUES(85,7);
INSERT INTO ingredient_has_tag VALUES(86,16);
INSERT INTO ingredient_has_tag VALUES(86,6);
INSERT INTO ingredient_has_tag VALUES(86,7);
INSERT INTO ingredient_has_tag VALUES(87,16);
INSERT INTO ingredient_has_tag VALUES(87,6);
INSERT INTO ingredient_has_tag VALUES(87,7);
INSERT INTO ingredient_has_tag VALUES(88,16);
INSERT INTO ingredient_has_tag VALUES(88,6);
INSERT INTO ingredient_has_tag VALUES(88,7);
INSERT INTO ingredient_has_tag VALUES(89,16);
INSERT INTO ingredient_has_tag VALUES(89,6);
INSERT INTO ingredient_has_tag VALUES(89,7);
INSERT INTO ingredient_has_tag VALUES(90,16);
INSERT INTO ingredient_has_tag VALUES(90,6);
INSERT INTO ingredient_has_tag VALUES(90,7);
INSERT INTO ingredient_has_tag VALUES(91,16);
INSERT INTO ingredient_has_tag VALUES(91,6);
INSERT INTO ingredient_has_tag VALUES(91,7);
INSERT INTO ingredient_has_tag VALUES(92,16);
INSERT INTO ingredient_has_tag VALUES(92,6);
INSERT INTO ingredient_has_tag VALUES(92,7);
INSERT INTO ingredient_has_tag VALUES(93,16);
INSERT INTO ingredient_has_tag VALUES(93,6);
INSERT INTO ingredient_has_tag VALUES(93,7);
INSERT INTO ingredient_has_tag VALUES(94,16);
INSERT INTO ingredient_has_tag VALUES(94,6);
INSERT INTO ingredient_has_tag VALUES(94,7);
INSERT INTO ingredient_has_tag VALUES(95,16);
INSERT INTO ingredient_has_tag VALUES(95,9);
INSERT INTO ingredient_has_tag VALUES(95,6);
INSERT INTO ingredient_has_tag VALUES(95,7);
INSERT INTO ingredient_has_tag VALUES(96,16);
INSERT INTO ingredient_has_tag VALUES(96,6);
INSERT INTO ingredient_has_tag VALUES(96,7);
INSERT INTO ingredient_has_tag VALUES(97,16);
INSERT INTO ingredient_has_tag VALUES(97,6);
INSERT INTO ingredient_has_tag VALUES(97,7);
INSERT INTO ingredient_has_tag VALUES(98,16);
INSERT INTO ingredient_has_tag VALUES(98,6);
INSERT INTO ingredient_has_tag VALUES(98,7);
INSERT INTO ingredient_has_tag VALUES(99,16);
INSERT INTO ingredient_has_tag VALUES(99,6);
INSERT INTO ingredient_has_tag VALUES(99,7);
INSERT INTO ingredient_has_tag VALUES(100,16);
INSERT INTO ingredient_has_tag VALUES(100,9);
INSERT INTO ingredient_has_tag VALUES(100,6);
INSERT INTO ingredient_has_tag VALUES(100,7);
INSERT INTO ingredient_has_tag VALUES(101,16);
INSERT INTO ingredient_has_tag VALUES(101,6);
INSERT INTO ingredient_has_tag VALUES(101,7);
INSERT INTO ingredient_has_tag VALUES(102,16);
INSERT INTO ingredient_has_tag VALUES(102,6);
INSERT INTO ingredient_has_tag VALUES(102,7);
INSERT INTO ingredient_has_tag VALUES(103,16);
INSERT INTO ingredient_has_tag VALUES(103,9);
INSERT INTO ingredient_has_tag VALUES(103,6);
INSERT INTO ingredient_has_tag VALUES(103,7);
INSERT INTO ingredient_has_tag VALUES(104,16);
INSERT INTO ingredient_has_tag VALUES(104,9);
INSERT INTO ingredient_has_tag VALUES(104,6);
INSERT INTO ingredient_has_tag VALUES(104,7);
INSERT INTO ingredient_has_tag VALUES(105,16);
INSERT INTO ingredient_has_tag VALUES(105,9);
INSERT INTO ingredient_has_tag VALUES(105,6);
INSERT INTO ingredient_has_tag VALUES(105,7);
INSERT INTO ingredient_has_tag VALUES(106,16);
INSERT INTO ingredient_has_tag VALUES(106,9);
INSERT INTO ingredient_has_tag VALUES(106,6);
INSERT INTO ingredient_has_tag VALUES(106,7);
INSERT INTO ingredient_has_tag VALUES(107,16);
INSERT INTO ingredient_has_tag VALUES(107,6);
INSERT INTO ingredient_has_tag VALUES(107,7);
INSERT INTO ingredient_has_tag VALUES(108,16);
INSERT INTO ingredient_has_tag VALUES(108,6);
INSERT INTO ingredient_has_tag VALUES(108,7);
INSERT INTO ingredient_has_tag VALUES(109,16);
INSERT INTO ingredient_has_tag VALUES(109,9);
INSERT INTO ingredient_has_tag VALUES(109,6);
INSERT INTO ingredient_has_tag VALUES(109,7);
INSERT INTO ingredient_has_tag VALUES(110,16);
INSERT INTO ingredient_has_tag VALUES(110,6);
INSERT INTO ingredient_has_tag VALUES(110,7);
INSERT INTO ingredient_has_tag VALUES(111,16);
INSERT INTO ingredient_has_tag VALUES(111,6);
INSERT INTO ingredient_has_tag VALUES(111,7);
INSERT INTO ingredient_has_tag VALUES(112,16);
INSERT INTO ingredient_has_tag VALUES(112,6);
INSERT INTO ingredient_has_tag VALUES(112,7);
INSERT INTO ingredient_has_tag VALUES(113,16);
INSERT INTO ingredient_has_tag VALUES(113,6);
INSERT INTO ingredient_has_tag VALUES(113,7);
INSERT INTO ingredient_has_tag VALUES(114,16);
INSERT INTO ingredient_has_tag VALUES(114,6);
INSERT INTO ingredient_has_tag VALUES(114,7);
INSERT INTO ingredient_has_tag VALUES(115,16);
INSERT INTO ingredient_has_tag VALUES(115,6);
INSERT INTO ingredient_has_tag VALUES(115,7);
INSERT INTO ingredient_has_tag VALUES(116,16);
INSERT INTO ingredient_has_tag VALUES(116,6);
INSERT INTO ingredient_has_tag VALUES(116,7);
INSERT INTO ingredient_has_tag VALUES(117,16);
INSERT INTO ingredient_has_tag VALUES(117,6);
INSERT INTO ingredient_has_tag VALUES(117,7);
INSERT INTO ingredient_has_tag VALUES(118,16);
INSERT INTO ingredient_has_tag VALUES(118,9);
INSERT INTO ingredient_has_tag VALUES(118,6);
INSERT INTO ingredient_has_tag VALUES(118,7);
INSERT INTO ingredient_has_tag VALUES(119,16);
INSERT INTO ingredient_has_tag VALUES(119,6);
INSERT INTO ingredient_has_tag VALUES(119,7);
INSERT INTO ingredient_has_tag VALUES(120,16);
INSERT INTO ingredient_has_tag VALUES(120,6);
INSERT INTO ingredient_has_tag VALUES(120,7);
INSERT INTO ingredient_has_tag VALUES(121,16);
INSERT INTO ingredient_has_tag VALUES(121,6);
INSERT INTO ingredient_has_tag VALUES(121,7);
INSERT INTO ingredient_has_tag VALUES(122,16);
INSERT INTO ingredient_has_tag VALUES(122,6);
INSERT INTO ingredient_has_tag VALUES(122,7);
INSERT INTO ingredient_has_tag VALUES(123,16);
INSERT INTO ingredient_has_tag VALUES(123,6);
INSERT INTO ingredient_has_tag VALUES(123,7);
INSERT INTO ingredient_has_tag VALUES(124,16);
INSERT INTO ingredient_has_tag VALUES(124,9);
INSERT INTO ingredient_has_tag VALUES(124,6);
INSERT INTO ingredient_has_tag VALUES(124,7);
INSERT INTO ingredient_has_tag VALUES(125,16);
INSERT INTO ingredient_has_tag VALUES(125,6);
INSERT INTO ingredient_has_tag VALUES(125,7);
INSERT INTO ingredient_has_tag VALUES(126,16);
INSERT INTO ingredient_has_tag VALUES(126,6);
INSERT INTO ingredient_has_tag VALUES(126,7);
INSERT INTO ingredient_has_tag VALUES(127,16);
INSERT INTO ingredient_has_tag VALUES(127,6);
INSERT INTO ingredient_has_tag VALUES(127,7);
INSERT INTO ingredient_has_tag VALUES(128,16);
INSERT INTO ingredient_has_tag VALUES(128,9);
INSERT INTO ingredient_has_tag VALUES(128,6);
INSERT INTO ingredient_has_tag VALUES(128,7);
INSERT INTO ingredient_has_tag VALUES(129,16);
INSERT INTO ingredient_has_tag VALUES(129,6);
INSERT INTO ingredient_has_tag VALUES(129,7);
INSERT INTO ingredient_has_tag VALUES(130,16);
INSERT INTO ingredient_has_tag VALUES(130,6);
INSERT INTO ingredient_has_tag VALUES(130,7);
INSERT INTO ingredient_has_tag VALUES(131,16);
INSERT INTO ingredient_has_tag VALUES(131,6);
INSERT INTO ingredient_has_tag VALUES(131,7);
INSERT INTO ingredient_has_tag VALUES(132,17);
INSERT INTO ingredient_has_tag VALUES(132,18);
INSERT INTO ingredient_has_tag VALUES(132,6);
INSERT INTO ingredient_has_tag VALUES(132,7);
INSERT INTO ingredient_has_tag VALUES(133,17);
INSERT INTO ingredient_has_tag VALUES(133,18);
INSERT INTO ingredient_has_tag VALUES(133,6);
INSERT INTO ingredient_has_tag VALUES(133,7);
INSERT INTO ingredient_has_tag VALUES(134,17);
INSERT INTO ingredient_has_tag VALUES(134,18);
INSERT INTO ingredient_has_tag VALUES(134,6);
INSERT INTO ingredient_has_tag VALUES(134,7);
INSERT INTO ingredient_has_tag VALUES(135,17);
INSERT INTO ingredient_has_tag VALUES(135,18);
INSERT INTO ingredient_has_tag VALUES(135,6);
INSERT INTO ingredient_has_tag VALUES(135,7);
INSERT INTO ingredient_has_tag VALUES(136,17);
INSERT INTO ingredient_has_tag VALUES(136,18);
INSERT INTO ingredient_has_tag VALUES(136,6);
INSERT INTO ingredient_has_tag VALUES(136,7);
INSERT INTO ingredient_has_tag VALUES(137,17);
INSERT INTO ingredient_has_tag VALUES(137,18);
INSERT INTO ingredient_has_tag VALUES(137,6);
INSERT INTO ingredient_has_tag VALUES(137,7);
INSERT INTO ingredient_has_tag VALUES(138,17);
INSERT INTO ingredient_has_tag VALUES(138,18);
INSERT INTO ingredient_has_tag VALUES(138,6);
INSERT INTO ingredient_has_tag VALUES(138,7);
INSERT INTO ingredient_has_tag VALUES(139,17);
INSERT INTO ingredient_has_tag VALUES(139,18);
INSERT INTO ingredient_has_tag VALUES(139,6);
INSERT INTO ingredient_has_tag VALUES(139,7);
INSERT INTO ingredient_has_tag VALUES(140,17);
INSERT INTO ingredient_has_tag VALUES(140,18);
INSERT INTO ingredient_has_tag VALUES(140,6);
INSERT INTO ingredient_has_tag VALUES(140,7);
INSERT INTO ingredient_has_tag VALUES(141,17);
INSERT INTO ingredient_has_tag VALUES(141,18);
INSERT INTO ingredient_has_tag VALUES(141,6);
INSERT INTO ingredient_has_tag VALUES(141,7);
INSERT INTO ingredient_has_tag VALUES(142,17);
INSERT INTO ingredient_has_tag VALUES(142,18);
INSERT INTO ingredient_has_tag VALUES(142,6);
INSERT INTO ingredient_has_tag VALUES(142,7);
INSERT INTO ingredient_has_tag VALUES(143,17);
INSERT INTO ingredient_has_tag VALUES(143,18);
INSERT INTO ingredient_has_tag VALUES(143,6);
INSERT INTO ingredient_has_tag VALUES(143,7);
INSERT INTO ingredient_has_tag VALUES(144,17);
INSERT INTO ingredient_has_tag VALUES(144,18);
INSERT INTO ingredient_has_tag VALUES(144,6);
INSERT INTO ingredient_has_tag VALUES(144,7);
INSERT INTO ingredient_has_tag VALUES(145,17);
INSERT INTO ingredient_has_tag VALUES(145,18);
INSERT INTO ingredient_has_tag VALUES(145,6);
INSERT INTO ingredient_has_tag VALUES(145,7);
INSERT INTO ingredient_has_tag VALUES(146,17);
INSERT INTO ingredient_has_tag VALUES(146,18);
INSERT INTO ingredient_has_tag VALUES(146,6);
INSERT INTO ingredient_has_tag VALUES(146,7);
INSERT INTO ingredient_has_tag VALUES(147,6);
INSERT INTO ingredient_has_tag VALUES(147,7);
INSERT INTO ingredient_has_tag VALUES(147,9);
INSERT INTO ingredient_has_tag VALUES(147,17);
INSERT INTO ingredient_has_tag VALUES(147,18);
INSERT INTO ingredient_has_tag VALUES(148,17);
INSERT INTO ingredient_has_tag VALUES(148,18);
INSERT INTO ingredient_has_tag VALUES(148,6);
INSERT INTO ingredient_has_tag VALUES(148,7);
INSERT INTO ingredient_has_tag VALUES(149,17);
INSERT INTO ingredient_has_tag VALUES(149,18);
INSERT INTO ingredient_has_tag VALUES(149,6);
INSERT INTO ingredient_has_tag VALUES(149,7);
INSERT INTO ingredient_has_tag VALUES(150,17);
INSERT INTO ingredient_has_tag VALUES(150,18);
INSERT INTO ingredient_has_tag VALUES(150,6);
INSERT INTO ingredient_has_tag VALUES(150,7);
INSERT INTO ingredient_has_tag VALUES(151,17);
INSERT INTO ingredient_has_tag VALUES(151,18);
INSERT INTO ingredient_has_tag VALUES(151,6);
INSERT INTO ingredient_has_tag VALUES(151,7);
INSERT INTO ingredient_has_tag VALUES(152,17);
INSERT INTO ingredient_has_tag VALUES(152,18);
INSERT INTO ingredient_has_tag VALUES(152,6);
INSERT INTO ingredient_has_tag VALUES(152,7);
INSERT INTO ingredient_has_tag VALUES(153,17);
INSERT INTO ingredient_has_tag VALUES(153,18);
INSERT INTO ingredient_has_tag VALUES(153,6);
INSERT INTO ingredient_has_tag VALUES(153,7);
INSERT INTO ingredient_has_tag VALUES(154,17);
INSERT INTO ingredient_has_tag VALUES(154,18);
INSERT INTO ingredient_has_tag VALUES(154,6);
INSERT INTO ingredient_has_tag VALUES(154,7);
INSERT INTO ingredient_has_tag VALUES(155,17);
INSERT INTO ingredient_has_tag VALUES(155,18);
INSERT INTO ingredient_has_tag VALUES(155,6);
INSERT INTO ingredient_has_tag VALUES(155,7);
INSERT INTO ingredient_has_tag VALUES(156,17);
INSERT INTO ingredient_has_tag VALUES(156,18);
INSERT INTO ingredient_has_tag VALUES(156,6);
INSERT INTO ingredient_has_tag VALUES(156,7);
INSERT INTO ingredient_has_tag VALUES(157,17);
INSERT INTO ingredient_has_tag VALUES(157,18);
INSERT INTO ingredient_has_tag VALUES(157,6);
INSERT INTO ingredient_has_tag VALUES(157,7);
INSERT INTO ingredient_has_tag VALUES(158,17);
INSERT INTO ingredient_has_tag VALUES(158,18);
INSERT INTO ingredient_has_tag VALUES(158,6);
INSERT INTO ingredient_has_tag VALUES(158,7);
INSERT INTO ingredient_has_tag VALUES(159,17);
INSERT INTO ingredient_has_tag VALUES(159,18);
INSERT INTO ingredient_has_tag VALUES(159,6);
INSERT INTO ingredient_has_tag VALUES(159,7);
INSERT INTO ingredient_has_tag VALUES(160,17);
INSERT INTO ingredient_has_tag VALUES(160,18);
INSERT INTO ingredient_has_tag VALUES(160,6);
INSERT INTO ingredient_has_tag VALUES(160,7);
INSERT INTO ingredient_has_tag VALUES(161,17);
INSERT INTO ingredient_has_tag VALUES(161,18);
INSERT INTO ingredient_has_tag VALUES(161,6);
INSERT INTO ingredient_has_tag VALUES(161,7);
INSERT INTO ingredient_has_tag VALUES(162,17);
INSERT INTO ingredient_has_tag VALUES(162,18);
INSERT INTO ingredient_has_tag VALUES(162,6);
INSERT INTO ingredient_has_tag VALUES(162,7);
INSERT INTO ingredient_has_tag VALUES(163,17);
INSERT INTO ingredient_has_tag VALUES(163,18);
INSERT INTO ingredient_has_tag VALUES(163,6);
INSERT INTO ingredient_has_tag VALUES(163,7);
INSERT INTO ingredient_has_tag VALUES(164,17);
INSERT INTO ingredient_has_tag VALUES(164,18);
INSERT INTO ingredient_has_tag VALUES(164,6);
INSERT INTO ingredient_has_tag VALUES(164,7);
INSERT INTO ingredient_has_tag VALUES(165,17);
INSERT INTO ingredient_has_tag VALUES(165,18);
INSERT INTO ingredient_has_tag VALUES(165,6);
INSERT INTO ingredient_has_tag VALUES(165,7);
INSERT INTO ingredient_has_tag VALUES(166,17);
INSERT INTO ingredient_has_tag VALUES(166,18);
INSERT INTO ingredient_has_tag VALUES(166,6);
INSERT INTO ingredient_has_tag VALUES(166,7);
INSERT INTO ingredient_has_tag VALUES(167,17);
INSERT INTO ingredient_has_tag VALUES(167,18);
INSERT INTO ingredient_has_tag VALUES(167,6);
INSERT INTO ingredient_has_tag VALUES(167,7);
INSERT INTO ingredient_has_tag VALUES(168,17);
INSERT INTO ingredient_has_tag VALUES(168,18);
INSERT INTO ingredient_has_tag VALUES(168,6);
INSERT INTO ingredient_has_tag VALUES(168,7);
INSERT INTO ingredient_has_tag VALUES(169,17);
INSERT INTO ingredient_has_tag VALUES(169,18);
INSERT INTO ingredient_has_tag VALUES(169,6);
INSERT INTO ingredient_has_tag VALUES(169,7);
INSERT INTO ingredient_has_tag VALUES(170,17);
INSERT INTO ingredient_has_tag VALUES(170,18);
INSERT INTO ingredient_has_tag VALUES(170,6);
INSERT INTO ingredient_has_tag VALUES(170,7);
INSERT INTO ingredient_has_tag VALUES(171,17);
INSERT INTO ingredient_has_tag VALUES(171,18);
INSERT INTO ingredient_has_tag VALUES(171,6);
INSERT INTO ingredient_has_tag VALUES(171,7);
INSERT INTO ingredient_has_tag VALUES(172,17);
INSERT INTO ingredient_has_tag VALUES(172,18);
INSERT INTO ingredient_has_tag VALUES(172,6);
INSERT INTO ingredient_has_tag VALUES(172,7);
INSERT INTO ingredient_has_tag VALUES(173,17);
INSERT INTO ingredient_has_tag VALUES(173,18);
INSERT INTO ingredient_has_tag VALUES(173,6);
INSERT INTO ingredient_has_tag VALUES(173,7);
INSERT INTO ingredient_has_tag VALUES(174,17);
INSERT INTO ingredient_has_tag VALUES(174,18);
INSERT INTO ingredient_has_tag VALUES(174,6);
INSERT INTO ingredient_has_tag VALUES(174,7);
INSERT INTO ingredient_has_tag VALUES(175,17);
INSERT INTO ingredient_has_tag VALUES(175,18);
INSERT INTO ingredient_has_tag VALUES(175,6);
INSERT INTO ingredient_has_tag VALUES(175,7);
INSERT INTO ingredient_has_tag VALUES(176,17);
INSERT INTO ingredient_has_tag VALUES(176,18);
INSERT INTO ingredient_has_tag VALUES(176,6);
INSERT INTO ingredient_has_tag VALUES(176,7);
INSERT INTO ingredient_has_tag VALUES(177,17);
INSERT INTO ingredient_has_tag VALUES(177,18);
INSERT INTO ingredient_has_tag VALUES(177,6);
INSERT INTO ingredient_has_tag VALUES(177,7);
INSERT INTO ingredient_has_tag VALUES(178,17);
INSERT INTO ingredient_has_tag VALUES(178,18);
INSERT INTO ingredient_has_tag VALUES(178,6);
INSERT INTO ingredient_has_tag VALUES(178,7);
INSERT INTO ingredient_has_tag VALUES(179,17);
INSERT INTO ingredient_has_tag VALUES(179,18);
INSERT INTO ingredient_has_tag VALUES(179,6);
INSERT INTO ingredient_has_tag VALUES(179,7);
INSERT INTO ingredient_has_tag VALUES(180,17);
INSERT INTO ingredient_has_tag VALUES(180,18);
INSERT INTO ingredient_has_tag VALUES(180,6);
INSERT INTO ingredient_has_tag VALUES(180,7);
INSERT INTO ingredient_has_tag VALUES(181,17);
INSERT INTO ingredient_has_tag VALUES(181,18);
INSERT INTO ingredient_has_tag VALUES(181,6);
INSERT INTO ingredient_has_tag VALUES(181,7);
INSERT INTO ingredient_has_tag VALUES(182,17);
INSERT INTO ingredient_has_tag VALUES(182,18);
INSERT INTO ingredient_has_tag VALUES(182,6);
INSERT INTO ingredient_has_tag VALUES(182,7);
INSERT INTO ingredient_has_tag VALUES(183,17);
INSERT INTO ingredient_has_tag VALUES(183,18);
INSERT INTO ingredient_has_tag VALUES(183,6);
INSERT INTO ingredient_has_tag VALUES(183,7);
INSERT INTO ingredient_has_tag VALUES(184,17);
INSERT INTO ingredient_has_tag VALUES(184,18);
INSERT INTO ingredient_has_tag VALUES(184,6);
INSERT INTO ingredient_has_tag VALUES(184,7);
INSERT INTO ingredient_has_tag VALUES(185,17);
INSERT INTO ingredient_has_tag VALUES(185,18);
INSERT INTO ingredient_has_tag VALUES(185,6);
INSERT INTO ingredient_has_tag VALUES(185,7);
INSERT INTO ingredient_has_tag VALUES(186,17);
INSERT INTO ingredient_has_tag VALUES(186,18);
INSERT INTO ingredient_has_tag VALUES(186,6);
INSERT INTO ingredient_has_tag VALUES(186,7);
INSERT INTO ingredient_has_tag VALUES(187,17);
INSERT INTO ingredient_has_tag VALUES(187,18);
INSERT INTO ingredient_has_tag VALUES(187,6);
INSERT INTO ingredient_has_tag VALUES(187,7);
INSERT INTO ingredient_has_tag VALUES(188,17);
INSERT INTO ingredient_has_tag VALUES(188,18);
INSERT INTO ingredient_has_tag VALUES(188,6);
INSERT INTO ingredient_has_tag VALUES(188,7);
INSERT INTO ingredient_has_tag VALUES(189,17);
INSERT INTO ingredient_has_tag VALUES(189,18);
INSERT INTO ingredient_has_tag VALUES(189,6);
INSERT INTO ingredient_has_tag VALUES(189,7);
INSERT INTO ingredient_has_tag VALUES(190,17);
INSERT INTO ingredient_has_tag VALUES(190,18);
INSERT INTO ingredient_has_tag VALUES(190,6);
INSERT INTO ingredient_has_tag VALUES(190,7);
INSERT INTO ingredient_has_tag VALUES(191,17);
INSERT INTO ingredient_has_tag VALUES(191,18);
INSERT INTO ingredient_has_tag VALUES(191,6);
INSERT INTO ingredient_has_tag VALUES(191,7);
INSERT INTO ingredient_has_tag VALUES(192,17);
INSERT INTO ingredient_has_tag VALUES(192,18);
INSERT INTO ingredient_has_tag VALUES(192,6);
INSERT INTO ingredient_has_tag VALUES(192,7);
INSERT INTO ingredient_has_tag VALUES(193,17);
INSERT INTO ingredient_has_tag VALUES(193,18);
INSERT INTO ingredient_has_tag VALUES(193,6);
INSERT INTO ingredient_has_tag VALUES(193,7);
INSERT INTO ingredient_has_tag VALUES(194,17);
INSERT INTO ingredient_has_tag VALUES(194,18);
INSERT INTO ingredient_has_tag VALUES(194,6);
INSERT INTO ingredient_has_tag VALUES(194,7);
INSERT INTO ingredient_has_tag VALUES(195,17);
INSERT INTO ingredient_has_tag VALUES(195,18);
INSERT INTO ingredient_has_tag VALUES(195,6);
INSERT INTO ingredient_has_tag VALUES(195,7);
INSERT INTO ingredient_has_tag VALUES(196,17);
INSERT INTO ingredient_has_tag VALUES(196,18);
INSERT INTO ingredient_has_tag VALUES(196,6);
INSERT INTO ingredient_has_tag VALUES(196,7);
INSERT INTO ingredient_has_tag VALUES(197,19);
INSERT INTO ingredient_has_tag VALUES(197,6);
INSERT INTO ingredient_has_tag VALUES(197,7);
INSERT INTO ingredient_has_tag VALUES(198,19);
INSERT INTO ingredient_has_tag VALUES(198,6);
INSERT INTO ingredient_has_tag VALUES(198,7);
INSERT INTO ingredient_has_tag VALUES(199,19);
INSERT INTO ingredient_has_tag VALUES(199,6);
INSERT INTO ingredient_has_tag VALUES(199,7);
INSERT INTO ingredient_has_tag VALUES(200,19);
INSERT INTO ingredient_has_tag VALUES(200,6);
INSERT INTO ingredient_has_tag VALUES(200,7);
INSERT INTO ingredient_has_tag VALUES(201,19);
INSERT INTO ingredient_has_tag VALUES(201,6);
INSERT INTO ingredient_has_tag VALUES(201,7);
INSERT INTO ingredient_has_tag VALUES(202,19);
INSERT INTO ingredient_has_tag VALUES(202,6);
INSERT INTO ingredient_has_tag VALUES(202,7);
INSERT INTO ingredient_has_tag VALUES(203,9);
INSERT INTO ingredient_has_tag VALUES(203,19);
INSERT INTO ingredient_has_tag VALUES(203,6);
INSERT INTO ingredient_has_tag VALUES(203,7);
INSERT INTO ingredient_has_tag VALUES(204,9);
INSERT INTO ingredient_has_tag VALUES(204,19);
INSERT INTO ingredient_has_tag VALUES(204,6);
INSERT INTO ingredient_has_tag VALUES(204,7);
INSERT INTO ingredient_has_tag VALUES(205,19);
INSERT INTO ingredient_has_tag VALUES(205,6);
INSERT INTO ingredient_has_tag VALUES(205,7);
INSERT INTO ingredient_has_tag VALUES(206,19);
INSERT INTO ingredient_has_tag VALUES(206,6);
INSERT INTO ingredient_has_tag VALUES(206,7);
INSERT INTO ingredient_has_tag VALUES(207,19);
INSERT INTO ingredient_has_tag VALUES(207,6);
INSERT INTO ingredient_has_tag VALUES(207,7);
INSERT INTO ingredient_has_tag VALUES(208,9);
INSERT INTO ingredient_has_tag VALUES(208,19);
INSERT INTO ingredient_has_tag VALUES(208,6);
INSERT INTO ingredient_has_tag VALUES(208,7);
INSERT INTO ingredient_has_tag VALUES(209,19);
INSERT INTO ingredient_has_tag VALUES(209,6);
INSERT INTO ingredient_has_tag VALUES(209,7);
INSERT INTO ingredient_has_tag VALUES(210,19);
INSERT INTO ingredient_has_tag VALUES(210,6);
INSERT INTO ingredient_has_tag VALUES(210,7);
INSERT INTO ingredient_has_tag VALUES(211,19);
INSERT INTO ingredient_has_tag VALUES(211,6);
INSERT INTO ingredient_has_tag VALUES(211,7);
INSERT INTO ingredient_has_tag VALUES(212,19);
INSERT INTO ingredient_has_tag VALUES(212,6);
INSERT INTO ingredient_has_tag VALUES(212,7);
INSERT INTO ingredient_has_tag VALUES(213,9);
INSERT INTO ingredient_has_tag VALUES(213,19);
INSERT INTO ingredient_has_tag VALUES(213,6);
INSERT INTO ingredient_has_tag VALUES(213,7);
INSERT INTO ingredient_has_tag VALUES(214,19);
INSERT INTO ingredient_has_tag VALUES(214,6);
INSERT INTO ingredient_has_tag VALUES(214,7);
INSERT INTO ingredient_has_tag VALUES(215,19);
INSERT INTO ingredient_has_tag VALUES(215,6);
INSERT INTO ingredient_has_tag VALUES(215,7);
INSERT INTO ingredient_has_tag VALUES(216,19);
INSERT INTO ingredient_has_tag VALUES(216,6);
INSERT INTO ingredient_has_tag VALUES(216,7);
INSERT INTO ingredient_has_tag VALUES(217,9);
INSERT INTO ingredient_has_tag VALUES(217,19);
INSERT INTO ingredient_has_tag VALUES(217,6);
INSERT INTO ingredient_has_tag VALUES(217,7);
INSERT INTO ingredient_has_tag VALUES(218,19);
INSERT INTO ingredient_has_tag VALUES(218,6);
INSERT INTO ingredient_has_tag VALUES(218,7);
INSERT INTO ingredient_has_tag VALUES(220,19);
INSERT INTO ingredient_has_tag VALUES(220,6);
INSERT INTO ingredient_has_tag VALUES(220,7);
INSERT INTO ingredient_has_tag VALUES(221,19);
INSERT INTO ingredient_has_tag VALUES(221,6);
INSERT INTO ingredient_has_tag VALUES(221,7);
INSERT INTO ingredient_has_tag VALUES(222,19);
INSERT INTO ingredient_has_tag VALUES(222,6);
INSERT INTO ingredient_has_tag VALUES(222,7);
INSERT INTO ingredient_has_tag VALUES(223,9);
INSERT INTO ingredient_has_tag VALUES(223,19);
INSERT INTO ingredient_has_tag VALUES(223,6);
INSERT INTO ingredient_has_tag VALUES(223,7);
INSERT INTO ingredient_has_tag VALUES(224,19);
INSERT INTO ingredient_has_tag VALUES(224,6);
INSERT INTO ingredient_has_tag VALUES(224,7);
INSERT INTO ingredient_has_tag VALUES(225,19);
INSERT INTO ingredient_has_tag VALUES(225,6);
INSERT INTO ingredient_has_tag VALUES(225,7);
INSERT INTO ingredient_has_tag VALUES(226,19);
INSERT INTO ingredient_has_tag VALUES(226,6);
INSERT INTO ingredient_has_tag VALUES(226,7);
INSERT INTO ingredient_has_tag VALUES(227,19);
INSERT INTO ingredient_has_tag VALUES(227,6);
INSERT INTO ingredient_has_tag VALUES(227,7);
INSERT INTO ingredient_has_tag VALUES(228,19);
INSERT INTO ingredient_has_tag VALUES(228,6);
INSERT INTO ingredient_has_tag VALUES(228,7);
INSERT INTO ingredient_has_tag VALUES(229,19);
INSERT INTO ingredient_has_tag VALUES(229,6);
INSERT INTO ingredient_has_tag VALUES(229,7);
INSERT INTO ingredient_has_tag VALUES(230,19);
INSERT INTO ingredient_has_tag VALUES(230,6);
INSERT INTO ingredient_has_tag VALUES(230,7);
INSERT INTO ingredient_has_tag VALUES(231,9);
INSERT INTO ingredient_has_tag VALUES(231,19);
INSERT INTO ingredient_has_tag VALUES(231,6);
INSERT INTO ingredient_has_tag VALUES(231,7);
INSERT INTO ingredient_has_tag VALUES(232,19);
INSERT INTO ingredient_has_tag VALUES(232,6);
INSERT INTO ingredient_has_tag VALUES(232,7);
INSERT INTO ingredient_has_tag VALUES(233,19);
INSERT INTO ingredient_has_tag VALUES(233,6);
INSERT INTO ingredient_has_tag VALUES(233,7);
INSERT INTO ingredient_has_tag VALUES(234,19);
INSERT INTO ingredient_has_tag VALUES(234,6);
INSERT INTO ingredient_has_tag VALUES(234,7);
INSERT INTO ingredient_has_tag VALUES(235,19);
INSERT INTO ingredient_has_tag VALUES(235,6);
INSERT INTO ingredient_has_tag VALUES(235,7);
INSERT INTO ingredient_has_tag VALUES(236,19);
INSERT INTO ingredient_has_tag VALUES(236,6);
INSERT INTO ingredient_has_tag VALUES(236,7);
INSERT INTO ingredient_has_tag VALUES(237,19);
INSERT INTO ingredient_has_tag VALUES(237,6);
INSERT INTO ingredient_has_tag VALUES(237,7);
INSERT INTO ingredient_has_tag VALUES(238,19);
INSERT INTO ingredient_has_tag VALUES(238,6);
INSERT INTO ingredient_has_tag VALUES(238,7);
INSERT INTO ingredient_has_tag VALUES(239,19);
INSERT INTO ingredient_has_tag VALUES(239,6);
INSERT INTO ingredient_has_tag VALUES(239,7);
INSERT INTO ingredient_has_tag VALUES(240,19);
INSERT INTO ingredient_has_tag VALUES(240,6);
INSERT INTO ingredient_has_tag VALUES(240,7);
INSERT INTO ingredient_has_tag VALUES(241,19);
INSERT INTO ingredient_has_tag VALUES(241,6);
INSERT INTO ingredient_has_tag VALUES(241,7);
INSERT INTO ingredient_has_tag VALUES(242,19);
INSERT INTO ingredient_has_tag VALUES(242,6);
INSERT INTO ingredient_has_tag VALUES(242,7);
INSERT INTO ingredient_has_tag VALUES(243,19);
INSERT INTO ingredient_has_tag VALUES(243,6);
INSERT INTO ingredient_has_tag VALUES(243,7);
INSERT INTO ingredient_has_tag VALUES(244,19);
INSERT INTO ingredient_has_tag VALUES(244,6);
INSERT INTO ingredient_has_tag VALUES(244,7);
INSERT INTO ingredient_has_tag VALUES(245,19);
INSERT INTO ingredient_has_tag VALUES(245,6);
INSERT INTO ingredient_has_tag VALUES(245,7);
INSERT INTO ingredient_has_tag VALUES(246,19);
INSERT INTO ingredient_has_tag VALUES(246,6);
INSERT INTO ingredient_has_tag VALUES(246,7);
INSERT INTO ingredient_has_tag VALUES(247,19);
INSERT INTO ingredient_has_tag VALUES(247,6);
INSERT INTO ingredient_has_tag VALUES(247,7);
INSERT INTO ingredient_has_tag VALUES(248,19);
INSERT INTO ingredient_has_tag VALUES(248,6);
INSERT INTO ingredient_has_tag VALUES(248,7);
INSERT INTO ingredient_has_tag VALUES(249,19);
INSERT INTO ingredient_has_tag VALUES(249,6);
INSERT INTO ingredient_has_tag VALUES(249,7);
INSERT INTO ingredient_has_tag VALUES(250,19);
INSERT INTO ingredient_has_tag VALUES(250,6);
INSERT INTO ingredient_has_tag VALUES(250,7);
INSERT INTO ingredient_has_tag VALUES(251,19);
INSERT INTO ingredient_has_tag VALUES(251,6);
INSERT INTO ingredient_has_tag VALUES(251,7);
INSERT INTO ingredient_has_tag VALUES(252,19);
INSERT INTO ingredient_has_tag VALUES(252,6);
INSERT INTO ingredient_has_tag VALUES(252,7);
INSERT INTO ingredient_has_tag VALUES(253,19);
INSERT INTO ingredient_has_tag VALUES(253,6);
INSERT INTO ingredient_has_tag VALUES(253,7);
INSERT INTO ingredient_has_tag VALUES(254,19);
INSERT INTO ingredient_has_tag VALUES(254,6);
INSERT INTO ingredient_has_tag VALUES(254,7);
INSERT INTO ingredient_has_tag VALUES(255,19);
INSERT INTO ingredient_has_tag VALUES(255,6);
INSERT INTO ingredient_has_tag VALUES(255,7);
INSERT INTO ingredient_has_tag VALUES(256,19);
INSERT INTO ingredient_has_tag VALUES(256,6);
INSERT INTO ingredient_has_tag VALUES(256,7);
INSERT INTO ingredient_has_tag VALUES(257,19);
INSERT INTO ingredient_has_tag VALUES(257,6);
INSERT INTO ingredient_has_tag VALUES(257,7);
INSERT INTO ingredient_has_tag VALUES(258,9);
INSERT INTO ingredient_has_tag VALUES(258,19);
INSERT INTO ingredient_has_tag VALUES(258,6);
INSERT INTO ingredient_has_tag VALUES(258,7);
INSERT INTO ingredient_has_tag VALUES(259,9);
INSERT INTO ingredient_has_tag VALUES(259,19);
INSERT INTO ingredient_has_tag VALUES(259,6);
INSERT INTO ingredient_has_tag VALUES(259,7);
INSERT INTO ingredient_has_tag VALUES(260,19);
INSERT INTO ingredient_has_tag VALUES(260,6);
INSERT INTO ingredient_has_tag VALUES(260,7);
INSERT INTO ingredient_has_tag VALUES(261,19);
INSERT INTO ingredient_has_tag VALUES(261,6);
INSERT INTO ingredient_has_tag VALUES(261,7);
INSERT INTO ingredient_has_tag VALUES(262,19);
INSERT INTO ingredient_has_tag VALUES(262,6);
INSERT INTO ingredient_has_tag VALUES(262,7);
INSERT INTO ingredient_has_tag VALUES(263,9);
INSERT INTO ingredient_has_tag VALUES(263,19);
INSERT INTO ingredient_has_tag VALUES(263,6);
INSERT INTO ingredient_has_tag VALUES(263,7);
INSERT INTO ingredient_has_tag VALUES(264,19);
INSERT INTO ingredient_has_tag VALUES(264,6);
INSERT INTO ingredient_has_tag VALUES(264,7);
INSERT INTO ingredient_has_tag VALUES(265,19);
INSERT INTO ingredient_has_tag VALUES(265,6);
INSERT INTO ingredient_has_tag VALUES(265,7);
INSERT INTO ingredient_has_tag VALUES(266,19);
INSERT INTO ingredient_has_tag VALUES(266,6);
INSERT INTO ingredient_has_tag VALUES(266,7);
INSERT INTO ingredient_has_tag VALUES(267,19);
INSERT INTO ingredient_has_tag VALUES(267,6);
INSERT INTO ingredient_has_tag VALUES(267,7);
INSERT INTO ingredient_has_tag VALUES(268,19);
INSERT INTO ingredient_has_tag VALUES(268,6);
INSERT INTO ingredient_has_tag VALUES(268,7);
INSERT INTO ingredient_has_tag VALUES(269,19);
INSERT INTO ingredient_has_tag VALUES(269,6);
INSERT INTO ingredient_has_tag VALUES(269,7);
INSERT INTO ingredient_has_tag VALUES(270,19);
INSERT INTO ingredient_has_tag VALUES(270,6);
INSERT INTO ingredient_has_tag VALUES(270,7);
INSERT INTO ingredient_has_tag VALUES(271,20);
INSERT INTO ingredient_has_tag VALUES(271,21);
INSERT INTO ingredient_has_tag VALUES(271,6);
INSERT INTO ingredient_has_tag VALUES(271,7);
INSERT INTO ingredient_has_tag VALUES(272,20);
INSERT INTO ingredient_has_tag VALUES(272,21);
INSERT INTO ingredient_has_tag VALUES(272,6);
INSERT INTO ingredient_has_tag VALUES(272,7);
INSERT INTO ingredient_has_tag VALUES(273,20);
INSERT INTO ingredient_has_tag VALUES(273,21);
INSERT INTO ingredient_has_tag VALUES(273,6);
INSERT INTO ingredient_has_tag VALUES(273,7);
INSERT INTO ingredient_has_tag VALUES(274,20);
INSERT INTO ingredient_has_tag VALUES(274,21);
INSERT INTO ingredient_has_tag VALUES(274,6);
INSERT INTO ingredient_has_tag VALUES(274,7);
INSERT INTO ingredient_has_tag VALUES(275,20);
INSERT INTO ingredient_has_tag VALUES(275,21);
INSERT INTO ingredient_has_tag VALUES(275,6);
INSERT INTO ingredient_has_tag VALUES(275,7);
INSERT INTO ingredient_has_tag VALUES(276,20);
INSERT INTO ingredient_has_tag VALUES(276,21);
INSERT INTO ingredient_has_tag VALUES(276,6);
INSERT INTO ingredient_has_tag VALUES(276,7);
INSERT INTO ingredient_has_tag VALUES(277,20);
INSERT INTO ingredient_has_tag VALUES(277,21);
INSERT INTO ingredient_has_tag VALUES(277,6);
INSERT INTO ingredient_has_tag VALUES(277,7);
INSERT INTO ingredient_has_tag VALUES(278,20);
INSERT INTO ingredient_has_tag VALUES(278,21);
INSERT INTO ingredient_has_tag VALUES(278,6);
INSERT INTO ingredient_has_tag VALUES(278,7);
INSERT INTO ingredient_has_tag VALUES(279,20);
INSERT INTO ingredient_has_tag VALUES(279,21);
INSERT INTO ingredient_has_tag VALUES(279,6);
INSERT INTO ingredient_has_tag VALUES(279,7);
INSERT INTO ingredient_has_tag VALUES(280,20);
INSERT INTO ingredient_has_tag VALUES(280,21);
INSERT INTO ingredient_has_tag VALUES(280,6);
INSERT INTO ingredient_has_tag VALUES(280,7);
INSERT INTO ingredient_has_tag VALUES(281,20);
INSERT INTO ingredient_has_tag VALUES(281,21);
INSERT INTO ingredient_has_tag VALUES(281,6);
INSERT INTO ingredient_has_tag VALUES(281,7);
INSERT INTO ingredient_has_tag VALUES(282,20);
INSERT INTO ingredient_has_tag VALUES(282,21);
INSERT INTO ingredient_has_tag VALUES(282,6);
INSERT INTO ingredient_has_tag VALUES(282,7);
INSERT INTO ingredient_has_tag VALUES(283,20);
INSERT INTO ingredient_has_tag VALUES(283,21);
INSERT INTO ingredient_has_tag VALUES(283,6);
INSERT INTO ingredient_has_tag VALUES(283,7);
INSERT INTO ingredient_has_tag VALUES(284,20);
INSERT INTO ingredient_has_tag VALUES(284,21);
INSERT INTO ingredient_has_tag VALUES(284,6);
INSERT INTO ingredient_has_tag VALUES(284,7);
INSERT INTO ingredient_has_tag VALUES(285,20);
INSERT INTO ingredient_has_tag VALUES(285,21);
INSERT INTO ingredient_has_tag VALUES(285,6);
INSERT INTO ingredient_has_tag VALUES(285,7);
INSERT INTO ingredient_has_tag VALUES(286,20);
INSERT INTO ingredient_has_tag VALUES(286,21);
INSERT INTO ingredient_has_tag VALUES(286,6);
INSERT INTO ingredient_has_tag VALUES(286,7);
INSERT INTO ingredient_has_tag VALUES(287,20);
INSERT INTO ingredient_has_tag VALUES(287,21);
INSERT INTO ingredient_has_tag VALUES(287,6);
INSERT INTO ingredient_has_tag VALUES(287,7);
INSERT INTO ingredient_has_tag VALUES(288,20);
INSERT INTO ingredient_has_tag VALUES(288,21);
INSERT INTO ingredient_has_tag VALUES(288,6);
INSERT INTO ingredient_has_tag VALUES(288,7);
INSERT INTO ingredient_has_tag VALUES(289,20);
INSERT INTO ingredient_has_tag VALUES(289,22);
INSERT INTO ingredient_has_tag VALUES(289,6);
INSERT INTO ingredient_has_tag VALUES(289,7);
INSERT INTO ingredient_has_tag VALUES(290,20);
INSERT INTO ingredient_has_tag VALUES(290,22);
INSERT INTO ingredient_has_tag VALUES(290,6);
INSERT INTO ingredient_has_tag VALUES(290,7);
INSERT INTO ingredient_has_tag VALUES(291,20);
INSERT INTO ingredient_has_tag VALUES(291,22);
INSERT INTO ingredient_has_tag VALUES(291,6);
INSERT INTO ingredient_has_tag VALUES(291,7);
INSERT INTO ingredient_has_tag VALUES(292,20);
INSERT INTO ingredient_has_tag VALUES(292,22);
INSERT INTO ingredient_has_tag VALUES(292,6);
INSERT INTO ingredient_has_tag VALUES(292,7);
INSERT INTO ingredient_has_tag VALUES(293,20);
INSERT INTO ingredient_has_tag VALUES(293,22);
INSERT INTO ingredient_has_tag VALUES(293,6);
INSERT INTO ingredient_has_tag VALUES(293,7);
INSERT INTO ingredient_has_tag VALUES(294,20);
INSERT INTO ingredient_has_tag VALUES(294,22);
INSERT INTO ingredient_has_tag VALUES(294,6);
INSERT INTO ingredient_has_tag VALUES(294,7);
INSERT INTO ingredient_has_tag VALUES(295,20);
INSERT INTO ingredient_has_tag VALUES(295,22);
INSERT INTO ingredient_has_tag VALUES(295,6);
INSERT INTO ingredient_has_tag VALUES(295,7);
INSERT INTO ingredient_has_tag VALUES(296,20);
INSERT INTO ingredient_has_tag VALUES(296,22);
INSERT INTO ingredient_has_tag VALUES(296,6);
INSERT INTO ingredient_has_tag VALUES(296,7);
INSERT INTO ingredient_has_tag VALUES(297,20);
INSERT INTO ingredient_has_tag VALUES(297,22);
INSERT INTO ingredient_has_tag VALUES(297,6);
INSERT INTO ingredient_has_tag VALUES(297,7);
INSERT INTO ingredient_has_tag VALUES(298,20);
INSERT INTO ingredient_has_tag VALUES(298,22);
INSERT INTO ingredient_has_tag VALUES(298,6);
INSERT INTO ingredient_has_tag VALUES(298,7);
INSERT INTO ingredient_has_tag VALUES(299,20);
INSERT INTO ingredient_has_tag VALUES(299,22);
INSERT INTO ingredient_has_tag VALUES(299,6);
INSERT INTO ingredient_has_tag VALUES(299,7);
INSERT INTO ingredient_has_tag VALUES(300,20);
INSERT INTO ingredient_has_tag VALUES(300,22);
INSERT INTO ingredient_has_tag VALUES(300,6);
INSERT INTO ingredient_has_tag VALUES(300,7);
INSERT INTO ingredient_has_tag VALUES(301,20);
INSERT INTO ingredient_has_tag VALUES(301,22);
INSERT INTO ingredient_has_tag VALUES(301,6);
INSERT INTO ingredient_has_tag VALUES(301,7);
INSERT INTO ingredient_has_tag VALUES(302,20);
INSERT INTO ingredient_has_tag VALUES(302,22);
INSERT INTO ingredient_has_tag VALUES(302,6);
INSERT INTO ingredient_has_tag VALUES(302,7);
INSERT INTO ingredient_has_tag VALUES(303,20);
INSERT INTO ingredient_has_tag VALUES(303,23);
INSERT INTO ingredient_has_tag VALUES(303,6);
INSERT INTO ingredient_has_tag VALUES(303,7);
INSERT INTO ingredient_has_tag VALUES(304,20);
INSERT INTO ingredient_has_tag VALUES(304,23);
INSERT INTO ingredient_has_tag VALUES(304,6);
INSERT INTO ingredient_has_tag VALUES(304,7);
INSERT INTO ingredient_has_tag VALUES(305,20);
INSERT INTO ingredient_has_tag VALUES(305,23);
INSERT INTO ingredient_has_tag VALUES(305,6);
INSERT INTO ingredient_has_tag VALUES(305,7);
INSERT INTO ingredient_has_tag VALUES(306,20);
INSERT INTO ingredient_has_tag VALUES(306,23);
INSERT INTO ingredient_has_tag VALUES(306,6);
INSERT INTO ingredient_has_tag VALUES(306,7);
INSERT INTO ingredient_has_tag VALUES(307,20);
INSERT INTO ingredient_has_tag VALUES(307,23);
INSERT INTO ingredient_has_tag VALUES(307,6);
INSERT INTO ingredient_has_tag VALUES(307,7);
INSERT INTO ingredient_has_tag VALUES(308,24);
INSERT INTO ingredient_has_tag VALUES(308,20);
INSERT INTO ingredient_has_tag VALUES(308,6);
INSERT INTO ingredient_has_tag VALUES(308,7);
INSERT INTO ingredient_has_tag VALUES(309,24);
INSERT INTO ingredient_has_tag VALUES(309,20);
INSERT INTO ingredient_has_tag VALUES(309,6);
INSERT INTO ingredient_has_tag VALUES(309,7);
INSERT INTO ingredient_has_tag VALUES(310,24);
INSERT INTO ingredient_has_tag VALUES(310,20);
INSERT INTO ingredient_has_tag VALUES(310,6);
INSERT INTO ingredient_has_tag VALUES(310,7);
INSERT INTO ingredient_has_tag VALUES(311,24);
INSERT INTO ingredient_has_tag VALUES(311,20);
INSERT INTO ingredient_has_tag VALUES(311,6);
INSERT INTO ingredient_has_tag VALUES(311,7);
INSERT INTO ingredient_has_tag VALUES(312,25);
INSERT INTO ingredient_has_tag VALUES(312,20);
INSERT INTO ingredient_has_tag VALUES(312,6);
INSERT INTO ingredient_has_tag VALUES(312,7);
INSERT INTO ingredient_has_tag VALUES(313,25);
INSERT INTO ingredient_has_tag VALUES(313,20);
INSERT INTO ingredient_has_tag VALUES(313,6);
INSERT INTO ingredient_has_tag VALUES(313,7);
INSERT INTO ingredient_has_tag VALUES(314,25);
INSERT INTO ingredient_has_tag VALUES(314,20);
INSERT INTO ingredient_has_tag VALUES(314,6);
INSERT INTO ingredient_has_tag VALUES(314,7);
INSERT INTO ingredient_has_tag VALUES(315,25);
INSERT INTO ingredient_has_tag VALUES(315,20);
INSERT INTO ingredient_has_tag VALUES(315,6);
INSERT INTO ingredient_has_tag VALUES(315,7);
INSERT INTO ingredient_has_tag VALUES(316,25);
INSERT INTO ingredient_has_tag VALUES(316,20);
INSERT INTO ingredient_has_tag VALUES(316,6);
INSERT INTO ingredient_has_tag VALUES(316,7);
INSERT INTO ingredient_has_tag VALUES(317,25);
INSERT INTO ingredient_has_tag VALUES(317,20);
INSERT INTO ingredient_has_tag VALUES(317,6);
INSERT INTO ingredient_has_tag VALUES(317,7);
INSERT INTO ingredient_has_tag VALUES(318,25);
INSERT INTO ingredient_has_tag VALUES(318,20);
INSERT INTO ingredient_has_tag VALUES(318,6);
INSERT INTO ingredient_has_tag VALUES(318,7);
INSERT INTO ingredient_has_tag VALUES(319,26);
INSERT INTO ingredient_has_tag VALUES(319,13);
INSERT INTO ingredient_has_tag VALUES(320,26);
INSERT INTO ingredient_has_tag VALUES(320,13);
INSERT INTO ingredient_has_tag VALUES(321,26);
INSERT INTO ingredient_has_tag VALUES(321,13);
INSERT INTO ingredient_has_tag VALUES(322,26);
INSERT INTO ingredient_has_tag VALUES(322,13);
INSERT INTO ingredient_has_tag VALUES(323,26);
INSERT INTO ingredient_has_tag VALUES(323,13);
INSERT INTO ingredient_has_tag VALUES(324,26);
INSERT INTO ingredient_has_tag VALUES(324,13);
INSERT INTO ingredient_has_tag VALUES(325,26);
INSERT INTO ingredient_has_tag VALUES(325,13);
INSERT INTO ingredient_has_tag VALUES(326,26);
INSERT INTO ingredient_has_tag VALUES(326,13);
INSERT INTO ingredient_has_tag VALUES(327,26);
INSERT INTO ingredient_has_tag VALUES(327,13);
INSERT INTO ingredient_has_tag VALUES(328,26);
INSERT INTO ingredient_has_tag VALUES(328,13);
INSERT INTO ingredient_has_tag VALUES(329,26);
INSERT INTO ingredient_has_tag VALUES(329,13);
INSERT INTO ingredient_has_tag VALUES(330,26);
INSERT INTO ingredient_has_tag VALUES(330,13);
INSERT INTO ingredient_has_tag VALUES(331,26);
INSERT INTO ingredient_has_tag VALUES(331,13);
INSERT INTO ingredient_has_tag VALUES(332,26);
INSERT INTO ingredient_has_tag VALUES(332,13);
INSERT INTO ingredient_has_tag VALUES(333,26);
INSERT INTO ingredient_has_tag VALUES(333,13);
INSERT INTO ingredient_has_tag VALUES(334,26);
INSERT INTO ingredient_has_tag VALUES(334,13);
INSERT INTO ingredient_has_tag VALUES(335,26);
INSERT INTO ingredient_has_tag VALUES(335,13);
INSERT INTO ingredient_has_tag VALUES(336,26);
INSERT INTO ingredient_has_tag VALUES(336,13);
INSERT INTO ingredient_has_tag VALUES(337,26);
INSERT INTO ingredient_has_tag VALUES(337,13);
INSERT INTO ingredient_has_tag VALUES(338,26);
INSERT INTO ingredient_has_tag VALUES(338,13);
INSERT INTO ingredient_has_tag VALUES(339,26);
INSERT INTO ingredient_has_tag VALUES(339,13);
INSERT INTO ingredient_has_tag VALUES(340,26);
INSERT INTO ingredient_has_tag VALUES(340,13);
INSERT INTO ingredient_has_tag VALUES(341,26);
INSERT INTO ingredient_has_tag VALUES(341,13);
INSERT INTO ingredient_has_tag VALUES(342,26);
INSERT INTO ingredient_has_tag VALUES(342,13);
INSERT INTO ingredient_has_tag VALUES(343,26);
INSERT INTO ingredient_has_tag VALUES(343,13);
INSERT INTO ingredient_has_tag VALUES(344,26);
INSERT INTO ingredient_has_tag VALUES(344,13);
INSERT INTO ingredient_has_tag VALUES(345,26);
INSERT INTO ingredient_has_tag VALUES(345,13);
INSERT INTO ingredient_has_tag VALUES(346,26);
INSERT INTO ingredient_has_tag VALUES(346,13);
INSERT INTO ingredient_has_tag VALUES(347,26);
INSERT INTO ingredient_has_tag VALUES(347,13);
INSERT INTO ingredient_has_tag VALUES(348,26);
INSERT INTO ingredient_has_tag VALUES(348,13);
INSERT INTO ingredient_has_tag VALUES(349,26);
INSERT INTO ingredient_has_tag VALUES(349,13);
INSERT INTO ingredient_has_tag VALUES(350,26);
INSERT INTO ingredient_has_tag VALUES(350,13);
INSERT INTO ingredient_has_tag VALUES(351,26);
INSERT INTO ingredient_has_tag VALUES(351,13);
INSERT INTO ingredient_has_tag VALUES(352,26);
INSERT INTO ingredient_has_tag VALUES(352,13);
INSERT INTO ingredient_has_tag VALUES(353,26);
INSERT INTO ingredient_has_tag VALUES(353,13);
INSERT INTO ingredient_has_tag VALUES(354,26);
INSERT INTO ingredient_has_tag VALUES(354,13);
INSERT INTO ingredient_has_tag VALUES(355,26);
INSERT INTO ingredient_has_tag VALUES(355,13);
INSERT INTO ingredient_has_tag VALUES(356,26);
INSERT INTO ingredient_has_tag VALUES(356,13);
INSERT INTO ingredient_has_tag VALUES(357,26);
INSERT INTO ingredient_has_tag VALUES(357,13);
INSERT INTO ingredient_has_tag VALUES(358,26);
INSERT INTO ingredient_has_tag VALUES(358,13);
INSERT INTO ingredient_has_tag VALUES(359,26);
INSERT INTO ingredient_has_tag VALUES(359,13);
INSERT INTO ingredient_has_tag VALUES(360,26);
INSERT INTO ingredient_has_tag VALUES(360,13);
INSERT INTO ingredient_has_tag VALUES(361,26);
INSERT INTO ingredient_has_tag VALUES(361,13);
INSERT INTO ingredient_has_tag VALUES(362,26);
INSERT INTO ingredient_has_tag VALUES(362,13);
INSERT INTO ingredient_has_tag VALUES(363,26);
INSERT INTO ingredient_has_tag VALUES(363,13);
INSERT INTO ingredient_has_tag VALUES(364,26);
INSERT INTO ingredient_has_tag VALUES(364,13);
INSERT INTO ingredient_has_tag VALUES(365,26);
INSERT INTO ingredient_has_tag VALUES(365,13);
INSERT INTO ingredient_has_tag VALUES(366,26);
INSERT INTO ingredient_has_tag VALUES(366,13);
INSERT INTO ingredient_has_tag VALUES(367,26);
INSERT INTO ingredient_has_tag VALUES(367,13);
INSERT INTO ingredient_has_tag VALUES(368,26);
INSERT INTO ingredient_has_tag VALUES(368,13);
INSERT INTO ingredient_has_tag VALUES(369,26);
INSERT INTO ingredient_has_tag VALUES(369,13);
INSERT INTO ingredient_has_tag VALUES(370,26);
INSERT INTO ingredient_has_tag VALUES(370,13);
INSERT INTO ingredient_has_tag VALUES(371,26);
INSERT INTO ingredient_has_tag VALUES(371,13);
INSERT INTO ingredient_has_tag VALUES(372,26);
INSERT INTO ingredient_has_tag VALUES(372,13);
INSERT INTO ingredient_has_tag VALUES(373,26);
INSERT INTO ingredient_has_tag VALUES(373,13);
INSERT INTO ingredient_has_tag VALUES(374,26);
INSERT INTO ingredient_has_tag VALUES(374,13);
INSERT INTO ingredient_has_tag VALUES(375,26);
INSERT INTO ingredient_has_tag VALUES(375,13);
INSERT INTO ingredient_has_tag VALUES(376,26);
INSERT INTO ingredient_has_tag VALUES(376,13);
INSERT INTO ingredient_has_tag VALUES(377,26);
INSERT INTO ingredient_has_tag VALUES(377,13);
INSERT INTO ingredient_has_tag VALUES(378,26);
INSERT INTO ingredient_has_tag VALUES(378,13);
INSERT INTO ingredient_has_tag VALUES(379,26);
INSERT INTO ingredient_has_tag VALUES(379,13);
INSERT INTO ingredient_has_tag VALUES(380,26);
INSERT INTO ingredient_has_tag VALUES(380,13);
INSERT INTO ingredient_has_tag VALUES(381,26);
INSERT INTO ingredient_has_tag VALUES(381,13);
INSERT INTO ingredient_has_tag VALUES(382,26);
INSERT INTO ingredient_has_tag VALUES(382,13);
INSERT INTO ingredient_has_tag VALUES(383,26);
INSERT INTO ingredient_has_tag VALUES(383,13);
INSERT INTO ingredient_has_tag VALUES(384,26);
INSERT INTO ingredient_has_tag VALUES(384,13);
INSERT INTO ingredient_has_tag VALUES(385,26);
INSERT INTO ingredient_has_tag VALUES(385,13);
INSERT INTO ingredient_has_tag VALUES(386,26);
INSERT INTO ingredient_has_tag VALUES(386,13);
INSERT INTO ingredient_has_tag VALUES(387,26);
INSERT INTO ingredient_has_tag VALUES(387,13);
INSERT INTO ingredient_has_tag VALUES(388,26);
INSERT INTO ingredient_has_tag VALUES(388,13);
INSERT INTO ingredient_has_tag VALUES(389,26);
INSERT INTO ingredient_has_tag VALUES(389,13);
INSERT INTO ingredient_has_tag VALUES(390,26);
INSERT INTO ingredient_has_tag VALUES(390,13);
INSERT INTO ingredient_has_tag VALUES(391,26);
INSERT INTO ingredient_has_tag VALUES(391,13);
INSERT INTO ingredient_has_tag VALUES(392,26);
INSERT INTO ingredient_has_tag VALUES(392,13);
INSERT INTO ingredient_has_tag VALUES(393,26);
INSERT INTO ingredient_has_tag VALUES(393,13);
INSERT INTO ingredient_has_tag VALUES(394,26);
INSERT INTO ingredient_has_tag VALUES(394,13);
INSERT INTO ingredient_has_tag VALUES(395,26);
INSERT INTO ingredient_has_tag VALUES(395,13);
INSERT INTO ingredient_has_tag VALUES(396,26);
INSERT INTO ingredient_has_tag VALUES(396,13);
INSERT INTO ingredient_has_tag VALUES(397,26);
INSERT INTO ingredient_has_tag VALUES(397,13);
INSERT INTO ingredient_has_tag VALUES(398,26);
INSERT INTO ingredient_has_tag VALUES(398,13);
INSERT INTO ingredient_has_tag VALUES(399,26);
INSERT INTO ingredient_has_tag VALUES(399,13);
INSERT INTO ingredient_has_tag VALUES(400,26);
INSERT INTO ingredient_has_tag VALUES(400,13);
INSERT INTO ingredient_has_tag VALUES(401,26);
INSERT INTO ingredient_has_tag VALUES(401,13);
INSERT INTO ingredient_has_tag VALUES(402,26);
INSERT INTO ingredient_has_tag VALUES(402,13);
INSERT INTO ingredient_has_tag VALUES(403,26);
INSERT INTO ingredient_has_tag VALUES(403,13);
INSERT INTO ingredient_has_tag VALUES(404,26);
INSERT INTO ingredient_has_tag VALUES(404,13);
INSERT INTO ingredient_has_tag VALUES(405,26);
INSERT INTO ingredient_has_tag VALUES(405,13);
INSERT INTO ingredient_has_tag VALUES(406,26);
INSERT INTO ingredient_has_tag VALUES(406,13);
INSERT INTO ingredient_has_tag VALUES(407,26);
INSERT INTO ingredient_has_tag VALUES(407,13);
INSERT INTO ingredient_has_tag VALUES(408,26);
INSERT INTO ingredient_has_tag VALUES(408,13);
INSERT INTO ingredient_has_tag VALUES(409,26);
INSERT INTO ingredient_has_tag VALUES(409,13);
INSERT INTO ingredient_has_tag VALUES(410,26);
INSERT INTO ingredient_has_tag VALUES(410,13);
INSERT INTO ingredient_has_tag VALUES(411,26);
INSERT INTO ingredient_has_tag VALUES(411,13);
INSERT INTO ingredient_has_tag VALUES(412,26);
INSERT INTO ingredient_has_tag VALUES(412,13);
INSERT INTO ingredient_has_tag VALUES(413,26);
INSERT INTO ingredient_has_tag VALUES(413,13);
INSERT INTO ingredient_has_tag VALUES(414,26);
INSERT INTO ingredient_has_tag VALUES(414,13);
INSERT INTO ingredient_has_tag VALUES(415,26);
INSERT INTO ingredient_has_tag VALUES(415,13);
INSERT INTO ingredient_has_tag VALUES(416,26);
INSERT INTO ingredient_has_tag VALUES(416,13);
INSERT INTO ingredient_has_tag VALUES(417,26);
INSERT INTO ingredient_has_tag VALUES(417,13);
INSERT INTO ingredient_has_tag VALUES(418,26);
INSERT INTO ingredient_has_tag VALUES(418,13);
INSERT INTO ingredient_has_tag VALUES(419,26);
INSERT INTO ingredient_has_tag VALUES(419,13);
INSERT INTO ingredient_has_tag VALUES(420,26);
INSERT INTO ingredient_has_tag VALUES(420,13);
INSERT INTO ingredient_has_tag VALUES(421,26);
INSERT INTO ingredient_has_tag VALUES(421,13);
INSERT INTO ingredient_has_tag VALUES(422,26);
INSERT INTO ingredient_has_tag VALUES(422,13);
INSERT INTO ingredient_has_tag VALUES(423,26);
INSERT INTO ingredient_has_tag VALUES(423,13);
INSERT INTO ingredient_has_tag VALUES(424,26);
INSERT INTO ingredient_has_tag VALUES(424,13);
INSERT INTO ingredient_has_tag VALUES(425,26);
INSERT INTO ingredient_has_tag VALUES(425,13);
INSERT INTO ingredient_has_tag VALUES(426,26);
INSERT INTO ingredient_has_tag VALUES(426,13);
INSERT INTO ingredient_has_tag VALUES(427,26);
INSERT INTO ingredient_has_tag VALUES(427,13);
INSERT INTO ingredient_has_tag VALUES(428,26);
INSERT INTO ingredient_has_tag VALUES(428,13);
INSERT INTO ingredient_has_tag VALUES(429,26);
INSERT INTO ingredient_has_tag VALUES(429,13);
INSERT INTO ingredient_has_tag VALUES(430,26);
INSERT INTO ingredient_has_tag VALUES(430,13);
INSERT INTO ingredient_has_tag VALUES(431,26);
INSERT INTO ingredient_has_tag VALUES(431,13);
INSERT INTO ingredient_has_tag VALUES(432,26);
INSERT INTO ingredient_has_tag VALUES(432,13);
INSERT INTO ingredient_has_tag VALUES(433,26);
INSERT INTO ingredient_has_tag VALUES(433,13);
INSERT INTO ingredient_has_tag VALUES(434,26);
INSERT INTO ingredient_has_tag VALUES(434,13);
INSERT INTO ingredient_has_tag VALUES(435,26);
INSERT INTO ingredient_has_tag VALUES(435,13);
INSERT INTO ingredient_has_tag VALUES(436,26);
INSERT INTO ingredient_has_tag VALUES(436,13);
INSERT INTO ingredient_has_tag VALUES(437,26);
INSERT INTO ingredient_has_tag VALUES(437,13);
INSERT INTO ingredient_has_tag VALUES(438,26);
INSERT INTO ingredient_has_tag VALUES(438,13);
INSERT INTO ingredient_has_tag VALUES(439,26);
INSERT INTO ingredient_has_tag VALUES(439,13);
INSERT INTO ingredient_has_tag VALUES(440,26);
INSERT INTO ingredient_has_tag VALUES(440,13);
INSERT INTO ingredient_has_tag VALUES(441,26);
INSERT INTO ingredient_has_tag VALUES(441,13);
INSERT INTO ingredient_has_tag VALUES(442,26);
INSERT INTO ingredient_has_tag VALUES(442,13);
INSERT INTO ingredient_has_tag VALUES(443,26);
INSERT INTO ingredient_has_tag VALUES(443,13);
INSERT INTO ingredient_has_tag VALUES(444,26);
INSERT INTO ingredient_has_tag VALUES(444,13);
INSERT INTO ingredient_has_tag VALUES(445,26);
INSERT INTO ingredient_has_tag VALUES(445,13);
INSERT INTO ingredient_has_tag VALUES(446,26);
INSERT INTO ingredient_has_tag VALUES(446,13);
INSERT INTO ingredient_has_tag VALUES(447,26);
INSERT INTO ingredient_has_tag VALUES(447,13);
INSERT INTO ingredient_has_tag VALUES(448,26);
INSERT INTO ingredient_has_tag VALUES(448,13);
INSERT INTO ingredient_has_tag VALUES(449,26);
INSERT INTO ingredient_has_tag VALUES(449,13);
INSERT INTO ingredient_has_tag VALUES(450,26);
INSERT INTO ingredient_has_tag VALUES(450,13);
INSERT INTO ingredient_has_tag VALUES(451,26);
INSERT INTO ingredient_has_tag VALUES(451,13);
INSERT INTO ingredient_has_tag VALUES(452,26);
INSERT INTO ingredient_has_tag VALUES(452,13);
INSERT INTO ingredient_has_tag VALUES(453,26);
INSERT INTO ingredient_has_tag VALUES(453,13);
INSERT INTO ingredient_has_tag VALUES(454,26);
INSERT INTO ingredient_has_tag VALUES(454,13);
INSERT INTO ingredient_has_tag VALUES(455,26);
INSERT INTO ingredient_has_tag VALUES(455,13);
INSERT INTO ingredient_has_tag VALUES(456,26);
INSERT INTO ingredient_has_tag VALUES(456,13);
INSERT INTO ingredient_has_tag VALUES(457,26);
INSERT INTO ingredient_has_tag VALUES(457,13);
INSERT INTO ingredient_has_tag VALUES(458,26);
INSERT INTO ingredient_has_tag VALUES(458,13);
INSERT INTO ingredient_has_tag VALUES(459,26);
INSERT INTO ingredient_has_tag VALUES(459,13);
INSERT INTO ingredient_has_tag VALUES(460,26);
INSERT INTO ingredient_has_tag VALUES(460,13);
INSERT INTO ingredient_has_tag VALUES(461,26);
INSERT INTO ingredient_has_tag VALUES(461,13);
INSERT INTO ingredient_has_tag VALUES(462,26);
INSERT INTO ingredient_has_tag VALUES(462,13);
INSERT INTO ingredient_has_tag VALUES(463,26);
INSERT INTO ingredient_has_tag VALUES(463,13);
INSERT INTO ingredient_has_tag VALUES(464,26);
INSERT INTO ingredient_has_tag VALUES(464,13);
INSERT INTO ingredient_has_tag VALUES(465,26);
INSERT INTO ingredient_has_tag VALUES(465,13);
INSERT INTO ingredient_has_tag VALUES(466,26);
INSERT INTO ingredient_has_tag VALUES(466,13);
INSERT INTO ingredient_has_tag VALUES(467,26);
INSERT INTO ingredient_has_tag VALUES(467,13);
INSERT INTO ingredient_has_tag VALUES(468,26);
INSERT INTO ingredient_has_tag VALUES(468,13);
INSERT INTO ingredient_has_tag VALUES(469,26);
INSERT INTO ingredient_has_tag VALUES(469,13);
INSERT INTO ingredient_has_tag VALUES(470,26);
INSERT INTO ingredient_has_tag VALUES(470,13);
INSERT INTO ingredient_has_tag VALUES(471,26);
INSERT INTO ingredient_has_tag VALUES(471,13);
INSERT INTO ingredient_has_tag VALUES(472,26);
INSERT INTO ingredient_has_tag VALUES(472,13);
INSERT INTO ingredient_has_tag VALUES(473,26);
INSERT INTO ingredient_has_tag VALUES(473,13);
INSERT INTO ingredient_has_tag VALUES(474,26);
INSERT INTO ingredient_has_tag VALUES(474,13);
INSERT INTO ingredient_has_tag VALUES(475,26);
INSERT INTO ingredient_has_tag VALUES(475,13);
INSERT INTO ingredient_has_tag VALUES(476,26);
INSERT INTO ingredient_has_tag VALUES(476,13);
INSERT INTO ingredient_has_tag VALUES(477,26);
INSERT INTO ingredient_has_tag VALUES(477,13);
INSERT INTO ingredient_has_tag VALUES(478,26);
INSERT INTO ingredient_has_tag VALUES(478,13);
INSERT INTO ingredient_has_tag VALUES(479,26);
INSERT INTO ingredient_has_tag VALUES(479,13);
INSERT INTO ingredient_has_tag VALUES(480,26);
INSERT INTO ingredient_has_tag VALUES(480,13);
INSERT INTO ingredient_has_tag VALUES(481,27);
INSERT INTO ingredient_has_tag VALUES(481,13);
INSERT INTO ingredient_has_tag VALUES(482,27);
INSERT INTO ingredient_has_tag VALUES(482,13);
INSERT INTO ingredient_has_tag VALUES(483,27);
INSERT INTO ingredient_has_tag VALUES(483,13);
INSERT INTO ingredient_has_tag VALUES(484,27);
INSERT INTO ingredient_has_tag VALUES(484,13);
INSERT INTO ingredient_has_tag VALUES(485,27);
INSERT INTO ingredient_has_tag VALUES(485,13);
INSERT INTO ingredient_has_tag VALUES(486,27);
INSERT INTO ingredient_has_tag VALUES(486,13);
INSERT INTO ingredient_has_tag VALUES(487,27);
INSERT INTO ingredient_has_tag VALUES(487,13);
INSERT INTO ingredient_has_tag VALUES(488,27);
INSERT INTO ingredient_has_tag VALUES(488,13);
INSERT INTO ingredient_has_tag VALUES(489,27);
INSERT INTO ingredient_has_tag VALUES(489,13);
INSERT INTO ingredient_has_tag VALUES(490,27);
INSERT INTO ingredient_has_tag VALUES(490,13);
INSERT INTO ingredient_has_tag VALUES(491,27);
INSERT INTO ingredient_has_tag VALUES(491,13);
INSERT INTO ingredient_has_tag VALUES(492,27);
INSERT INTO ingredient_has_tag VALUES(492,13);
INSERT INTO ingredient_has_tag VALUES(493,27);
INSERT INTO ingredient_has_tag VALUES(493,13);
INSERT INTO ingredient_has_tag VALUES(494,27);
INSERT INTO ingredient_has_tag VALUES(494,13);
INSERT INTO ingredient_has_tag VALUES(495,27);
INSERT INTO ingredient_has_tag VALUES(495,13);
INSERT INTO ingredient_has_tag VALUES(496,27);
INSERT INTO ingredient_has_tag VALUES(496,13);
INSERT INTO ingredient_has_tag VALUES(497,27);
INSERT INTO ingredient_has_tag VALUES(497,13);
INSERT INTO ingredient_has_tag VALUES(498,27);
INSERT INTO ingredient_has_tag VALUES(498,13);
INSERT INTO ingredient_has_tag VALUES(499,27);
INSERT INTO ingredient_has_tag VALUES(499,13);
INSERT INTO ingredient_has_tag VALUES(500,27);
INSERT INTO ingredient_has_tag VALUES(500,13);
INSERT INTO ingredient_has_tag VALUES(501,27);
INSERT INTO ingredient_has_tag VALUES(501,13);
INSERT INTO ingredient_has_tag VALUES(502,27);
INSERT INTO ingredient_has_tag VALUES(502,13);
INSERT INTO ingredient_has_tag VALUES(503,27);
INSERT INTO ingredient_has_tag VALUES(503,13);
INSERT INTO ingredient_has_tag VALUES(504,27);
INSERT INTO ingredient_has_tag VALUES(504,13);
INSERT INTO ingredient_has_tag VALUES(505,27);
INSERT INTO ingredient_has_tag VALUES(505,13);
INSERT INTO ingredient_has_tag VALUES(506,27);
INSERT INTO ingredient_has_tag VALUES(506,13);
INSERT INTO ingredient_has_tag VALUES(507,27);
INSERT INTO ingredient_has_tag VALUES(507,13);
INSERT INTO ingredient_has_tag VALUES(508,27);
INSERT INTO ingredient_has_tag VALUES(508,13);
INSERT INTO ingredient_has_tag VALUES(509,27);
INSERT INTO ingredient_has_tag VALUES(509,13);
INSERT INTO ingredient_has_tag VALUES(510,27);
INSERT INTO ingredient_has_tag VALUES(510,13);
INSERT INTO ingredient_has_tag VALUES(511,27);
INSERT INTO ingredient_has_tag VALUES(511,13);
INSERT INTO ingredient_has_tag VALUES(512,27);
INSERT INTO ingredient_has_tag VALUES(512,13);
INSERT INTO ingredient_has_tag VALUES(513,27);
INSERT INTO ingredient_has_tag VALUES(513,13);
INSERT INTO ingredient_has_tag VALUES(514,27);
INSERT INTO ingredient_has_tag VALUES(514,13);
INSERT INTO ingredient_has_tag VALUES(515,27);
INSERT INTO ingredient_has_tag VALUES(515,13);
INSERT INTO ingredient_has_tag VALUES(516,27);
INSERT INTO ingredient_has_tag VALUES(516,13);
INSERT INTO ingredient_has_tag VALUES(517,27);
INSERT INTO ingredient_has_tag VALUES(517,13);
INSERT INTO ingredient_has_tag VALUES(518,27);
INSERT INTO ingredient_has_tag VALUES(518,13);
INSERT INTO ingredient_has_tag VALUES(519,27);
INSERT INTO ingredient_has_tag VALUES(519,13);
INSERT INTO ingredient_has_tag VALUES(520,27);
INSERT INTO ingredient_has_tag VALUES(520,13);
INSERT INTO ingredient_has_tag VALUES(521,27);
INSERT INTO ingredient_has_tag VALUES(521,13);
INSERT INTO ingredient_has_tag VALUES(522,27);
INSERT INTO ingredient_has_tag VALUES(522,13);
INSERT INTO ingredient_has_tag VALUES(523,27);
INSERT INTO ingredient_has_tag VALUES(523,13);
INSERT INTO ingredient_has_tag VALUES(524,27);
INSERT INTO ingredient_has_tag VALUES(524,13);
INSERT INTO ingredient_has_tag VALUES(525,27);
INSERT INTO ingredient_has_tag VALUES(525,13);
INSERT INTO ingredient_has_tag VALUES(526,27);
INSERT INTO ingredient_has_tag VALUES(526,13);
INSERT INTO ingredient_has_tag VALUES(527,27);
INSERT INTO ingredient_has_tag VALUES(527,13);
INSERT INTO ingredient_has_tag VALUES(528,27);
INSERT INTO ingredient_has_tag VALUES(528,13);
INSERT INTO ingredient_has_tag VALUES(529,27);
INSERT INTO ingredient_has_tag VALUES(529,13);
INSERT INTO ingredient_has_tag VALUES(530,27);
INSERT INTO ingredient_has_tag VALUES(530,13);
INSERT INTO ingredient_has_tag VALUES(531,27);
INSERT INTO ingredient_has_tag VALUES(531,13);
INSERT INTO ingredient_has_tag VALUES(532,27);
INSERT INTO ingredient_has_tag VALUES(532,13);
INSERT INTO ingredient_has_tag VALUES(533,27);
INSERT INTO ingredient_has_tag VALUES(533,13);
INSERT INTO ingredient_has_tag VALUES(534,27);
INSERT INTO ingredient_has_tag VALUES(534,13);
INSERT INTO ingredient_has_tag VALUES(535,27);
INSERT INTO ingredient_has_tag VALUES(535,13);
INSERT INTO ingredient_has_tag VALUES(536,27);
INSERT INTO ingredient_has_tag VALUES(536,13);
INSERT INTO ingredient_has_tag VALUES(537,27);
INSERT INTO ingredient_has_tag VALUES(537,13);
INSERT INTO ingredient_has_tag VALUES(538,27);
INSERT INTO ingredient_has_tag VALUES(538,13);
INSERT INTO ingredient_has_tag VALUES(539,27);
INSERT INTO ingredient_has_tag VALUES(539,13);
INSERT INTO ingredient_has_tag VALUES(540,27);
INSERT INTO ingredient_has_tag VALUES(540,13);
INSERT INTO ingredient_has_tag VALUES(541,27);
INSERT INTO ingredient_has_tag VALUES(541,13);
INSERT INTO ingredient_has_tag VALUES(542,27);
INSERT INTO ingredient_has_tag VALUES(542,13);
INSERT INTO ingredient_has_tag VALUES(543,27);
INSERT INTO ingredient_has_tag VALUES(543,13);
INSERT INTO ingredient_has_tag VALUES(544,27);
INSERT INTO ingredient_has_tag VALUES(544,13);
INSERT INTO ingredient_has_tag VALUES(545,27);
INSERT INTO ingredient_has_tag VALUES(545,13);
INSERT INTO ingredient_has_tag VALUES(546,27);
INSERT INTO ingredient_has_tag VALUES(546,13);
INSERT INTO ingredient_has_tag VALUES(547,27);
INSERT INTO ingredient_has_tag VALUES(547,13);
INSERT INTO ingredient_has_tag VALUES(548,27);
INSERT INTO ingredient_has_tag VALUES(548,13);
INSERT INTO ingredient_has_tag VALUES(549,27);
INSERT INTO ingredient_has_tag VALUES(549,13);
INSERT INTO ingredient_has_tag VALUES(550,27);
INSERT INTO ingredient_has_tag VALUES(550,13);
INSERT INTO ingredient_has_tag VALUES(551,27);
INSERT INTO ingredient_has_tag VALUES(551,13);
INSERT INTO ingredient_has_tag VALUES(552,27);
INSERT INTO ingredient_has_tag VALUES(552,13);
INSERT INTO ingredient_has_tag VALUES(553,27);
INSERT INTO ingredient_has_tag VALUES(553,13);
INSERT INTO ingredient_has_tag VALUES(554,27);
INSERT INTO ingredient_has_tag VALUES(554,13);
INSERT INTO ingredient_has_tag VALUES(555,27);
INSERT INTO ingredient_has_tag VALUES(555,13);
INSERT INTO ingredient_has_tag VALUES(556,27);
INSERT INTO ingredient_has_tag VALUES(556,13);
INSERT INTO ingredient_has_tag VALUES(557,27);
INSERT INTO ingredient_has_tag VALUES(557,13);
INSERT INTO ingredient_has_tag VALUES(558,27);
INSERT INTO ingredient_has_tag VALUES(558,13);
INSERT INTO ingredient_has_tag VALUES(559,27);
INSERT INTO ingredient_has_tag VALUES(559,13);
INSERT INTO ingredient_has_tag VALUES(560,27);
INSERT INTO ingredient_has_tag VALUES(560,13);
INSERT INTO ingredient_has_tag VALUES(561,27);
INSERT INTO ingredient_has_tag VALUES(561,13);
INSERT INTO ingredient_has_tag VALUES(562,27);
INSERT INTO ingredient_has_tag VALUES(562,13);
INSERT INTO ingredient_has_tag VALUES(563,27);
INSERT INTO ingredient_has_tag VALUES(563,13);
INSERT INTO ingredient_has_tag VALUES(564,27);
INSERT INTO ingredient_has_tag VALUES(564,13);
INSERT INTO ingredient_has_tag VALUES(565,27);
INSERT INTO ingredient_has_tag VALUES(565,13);
INSERT INTO ingredient_has_tag VALUES(566,27);
INSERT INTO ingredient_has_tag VALUES(566,13);
INSERT INTO ingredient_has_tag VALUES(567,27);
INSERT INTO ingredient_has_tag VALUES(567,13);
INSERT INTO ingredient_has_tag VALUES(568,27);
INSERT INTO ingredient_has_tag VALUES(568,13);
INSERT INTO ingredient_has_tag VALUES(569,27);
INSERT INTO ingredient_has_tag VALUES(569,13);
INSERT INTO ingredient_has_tag VALUES(570,27);
INSERT INTO ingredient_has_tag VALUES(570,13);
INSERT INTO ingredient_has_tag VALUES(571,27);
INSERT INTO ingredient_has_tag VALUES(571,13);
INSERT INTO ingredient_has_tag VALUES(572,27);
INSERT INTO ingredient_has_tag VALUES(572,13);
INSERT INTO ingredient_has_tag VALUES(573,27);
INSERT INTO ingredient_has_tag VALUES(573,13);
INSERT INTO ingredient_has_tag VALUES(574,27);
INSERT INTO ingredient_has_tag VALUES(574,13);
INSERT INTO ingredient_has_tag VALUES(575,27);
INSERT INTO ingredient_has_tag VALUES(575,13);
INSERT INTO ingredient_has_tag VALUES(576,27);
INSERT INTO ingredient_has_tag VALUES(576,13);
INSERT INTO ingredient_has_tag VALUES(577,27);
INSERT INTO ingredient_has_tag VALUES(577,13);
INSERT INTO ingredient_has_tag VALUES(578,27);
INSERT INTO ingredient_has_tag VALUES(578,13);
INSERT INTO ingredient_has_tag VALUES(579,27);
INSERT INTO ingredient_has_tag VALUES(579,13);
INSERT INTO ingredient_has_tag VALUES(580,27);
INSERT INTO ingredient_has_tag VALUES(580,13);
INSERT INTO ingredient_has_tag VALUES(581,27);
INSERT INTO ingredient_has_tag VALUES(581,13);
INSERT INTO ingredient_has_tag VALUES(582,27);
INSERT INTO ingredient_has_tag VALUES(582,13);
INSERT INTO ingredient_has_tag VALUES(583,27);
INSERT INTO ingredient_has_tag VALUES(583,13);
INSERT INTO ingredient_has_tag VALUES(584,27);
INSERT INTO ingredient_has_tag VALUES(584,13);
INSERT INTO ingredient_has_tag VALUES(585,27);
INSERT INTO ingredient_has_tag VALUES(585,13);
INSERT INTO ingredient_has_tag VALUES(586,27);
INSERT INTO ingredient_has_tag VALUES(586,13);
INSERT INTO ingredient_has_tag VALUES(587,27);
INSERT INTO ingredient_has_tag VALUES(587,13);
INSERT INTO ingredient_has_tag VALUES(588,27);
INSERT INTO ingredient_has_tag VALUES(588,13);
INSERT INTO ingredient_has_tag VALUES(589,27);
INSERT INTO ingredient_has_tag VALUES(589,13);
INSERT INTO ingredient_has_tag VALUES(590,27);
INSERT INTO ingredient_has_tag VALUES(590,13);
INSERT INTO ingredient_has_tag VALUES(591,27);
INSERT INTO ingredient_has_tag VALUES(591,13);
INSERT INTO ingredient_has_tag VALUES(592,27);
INSERT INTO ingredient_has_tag VALUES(592,13);
INSERT INTO ingredient_has_tag VALUES(593,27);
INSERT INTO ingredient_has_tag VALUES(593,13);
INSERT INTO ingredient_has_tag VALUES(594,27);
INSERT INTO ingredient_has_tag VALUES(594,13);
INSERT INTO ingredient_has_tag VALUES(595,27);
INSERT INTO ingredient_has_tag VALUES(595,13);
INSERT INTO ingredient_has_tag VALUES(596,27);
INSERT INTO ingredient_has_tag VALUES(596,13);
INSERT INTO ingredient_has_tag VALUES(597,27);
INSERT INTO ingredient_has_tag VALUES(597,13);
INSERT INTO ingredient_has_tag VALUES(598,27);
INSERT INTO ingredient_has_tag VALUES(598,13);
INSERT INTO ingredient_has_tag VALUES(599,27);
INSERT INTO ingredient_has_tag VALUES(599,13);
INSERT INTO ingredient_has_tag VALUES(600,27);
INSERT INTO ingredient_has_tag VALUES(600,13);
INSERT INTO ingredient_has_tag VALUES(601,27);
INSERT INTO ingredient_has_tag VALUES(601,13);
INSERT INTO ingredient_has_tag VALUES(602,27);
INSERT INTO ingredient_has_tag VALUES(602,13);
INSERT INTO ingredient_has_tag VALUES(603,27);
INSERT INTO ingredient_has_tag VALUES(603,13);
INSERT INTO ingredient_has_tag VALUES(604,27);
INSERT INTO ingredient_has_tag VALUES(604,13);
INSERT INTO ingredient_has_tag VALUES(605,27);
INSERT INTO ingredient_has_tag VALUES(605,13);
INSERT INTO ingredient_has_tag VALUES(606,27);
INSERT INTO ingredient_has_tag VALUES(606,13);
INSERT INTO ingredient_has_tag VALUES(607,27);
INSERT INTO ingredient_has_tag VALUES(607,13);
INSERT INTO ingredient_has_tag VALUES(608,27);
INSERT INTO ingredient_has_tag VALUES(608,13);
INSERT INTO ingredient_has_tag VALUES(609,27);
INSERT INTO ingredient_has_tag VALUES(609,13);
INSERT INTO ingredient_has_tag VALUES(610,27);
INSERT INTO ingredient_has_tag VALUES(610,13);
INSERT INTO ingredient_has_tag VALUES(611,27);
INSERT INTO ingredient_has_tag VALUES(611,13);
INSERT INTO ingredient_has_tag VALUES(612,27);
INSERT INTO ingredient_has_tag VALUES(612,13);
INSERT INTO ingredient_has_tag VALUES(613,27);
INSERT INTO ingredient_has_tag VALUES(613,13);
INSERT INTO ingredient_has_tag VALUES(614,27);
INSERT INTO ingredient_has_tag VALUES(614,13);
INSERT INTO ingredient_has_tag VALUES(615,27);
INSERT INTO ingredient_has_tag VALUES(615,13);
INSERT INTO ingredient_has_tag VALUES(616,27);
INSERT INTO ingredient_has_tag VALUES(616,13);
INSERT INTO ingredient_has_tag VALUES(617,27);
INSERT INTO ingredient_has_tag VALUES(617,13);
INSERT INTO ingredient_has_tag VALUES(618,28);
INSERT INTO ingredient_has_tag VALUES(618,13);
INSERT INTO ingredient_has_tag VALUES(619,28);
INSERT INTO ingredient_has_tag VALUES(619,13);
INSERT INTO ingredient_has_tag VALUES(620,28);
INSERT INTO ingredient_has_tag VALUES(620,13);
INSERT INTO ingredient_has_tag VALUES(621,28);
INSERT INTO ingredient_has_tag VALUES(621,13);
INSERT INTO ingredient_has_tag VALUES(622,28);
INSERT INTO ingredient_has_tag VALUES(622,13);
INSERT INTO ingredient_has_tag VALUES(623,28);
INSERT INTO ingredient_has_tag VALUES(623,13);
INSERT INTO ingredient_has_tag VALUES(624,28);
INSERT INTO ingredient_has_tag VALUES(624,13);
INSERT INTO ingredient_has_tag VALUES(625,28);
INSERT INTO ingredient_has_tag VALUES(625,13);
INSERT INTO ingredient_has_tag VALUES(626,28);
INSERT INTO ingredient_has_tag VALUES(626,13);
INSERT INTO ingredient_has_tag VALUES(627,28);
INSERT INTO ingredient_has_tag VALUES(627,13);
INSERT INTO ingredient_has_tag VALUES(628,28);
INSERT INTO ingredient_has_tag VALUES(628,13);
INSERT INTO ingredient_has_tag VALUES(629,28);
INSERT INTO ingredient_has_tag VALUES(629,13);
INSERT INTO ingredient_has_tag VALUES(630,28);
INSERT INTO ingredient_has_tag VALUES(630,13);
INSERT INTO ingredient_has_tag VALUES(631,28);
INSERT INTO ingredient_has_tag VALUES(631,13);
INSERT INTO ingredient_has_tag VALUES(632,28);
INSERT INTO ingredient_has_tag VALUES(632,13);
INSERT INTO ingredient_has_tag VALUES(633,28);
INSERT INTO ingredient_has_tag VALUES(633,13);
INSERT INTO ingredient_has_tag VALUES(634,28);
INSERT INTO ingredient_has_tag VALUES(634,13);
INSERT INTO ingredient_has_tag VALUES(635,28);
INSERT INTO ingredient_has_tag VALUES(635,13);
INSERT INTO ingredient_has_tag VALUES(636,28);
INSERT INTO ingredient_has_tag VALUES(636,13);
INSERT INTO ingredient_has_tag VALUES(637,28);
INSERT INTO ingredient_has_tag VALUES(637,13);
INSERT INTO ingredient_has_tag VALUES(638,28);
INSERT INTO ingredient_has_tag VALUES(638,13);
INSERT INTO ingredient_has_tag VALUES(639,28);
INSERT INTO ingredient_has_tag VALUES(639,13);
INSERT INTO ingredient_has_tag VALUES(640,28);
INSERT INTO ingredient_has_tag VALUES(640,13);
INSERT INTO ingredient_has_tag VALUES(641,28);
INSERT INTO ingredient_has_tag VALUES(641,13);
INSERT INTO ingredient_has_tag VALUES(642,28);
INSERT INTO ingredient_has_tag VALUES(642,13);
INSERT INTO ingredient_has_tag VALUES(643,28);
INSERT INTO ingredient_has_tag VALUES(643,13);
INSERT INTO ingredient_has_tag VALUES(644,28);
INSERT INTO ingredient_has_tag VALUES(644,13);
INSERT INTO ingredient_has_tag VALUES(645,28);
INSERT INTO ingredient_has_tag VALUES(645,13);
INSERT INTO ingredient_has_tag VALUES(646,28);
INSERT INTO ingredient_has_tag VALUES(646,13);
INSERT INTO ingredient_has_tag VALUES(647,28);
INSERT INTO ingredient_has_tag VALUES(647,13);
INSERT INTO ingredient_has_tag VALUES(648,28);
INSERT INTO ingredient_has_tag VALUES(648,13);
INSERT INTO ingredient_has_tag VALUES(649,28);
INSERT INTO ingredient_has_tag VALUES(649,13);
INSERT INTO ingredient_has_tag VALUES(650,28);
INSERT INTO ingredient_has_tag VALUES(650,13);
INSERT INTO ingredient_has_tag VALUES(651,28);
INSERT INTO ingredient_has_tag VALUES(651,13);
INSERT INTO ingredient_has_tag VALUES(652,28);
INSERT INTO ingredient_has_tag VALUES(652,13);
INSERT INTO ingredient_has_tag VALUES(653,28);
INSERT INTO ingredient_has_tag VALUES(653,13);
INSERT INTO ingredient_has_tag VALUES(654,28);
INSERT INTO ingredient_has_tag VALUES(654,13);
INSERT INTO ingredient_has_tag VALUES(655,28);
INSERT INTO ingredient_has_tag VALUES(655,13);
INSERT INTO ingredient_has_tag VALUES(656,28);
INSERT INTO ingredient_has_tag VALUES(656,13);
INSERT INTO ingredient_has_tag VALUES(657,28);
INSERT INTO ingredient_has_tag VALUES(657,13);
INSERT INTO ingredient_has_tag VALUES(658,28);
INSERT INTO ingredient_has_tag VALUES(658,13);
INSERT INTO ingredient_has_tag VALUES(659,28);
INSERT INTO ingredient_has_tag VALUES(659,13);
INSERT INTO ingredient_has_tag VALUES(661,28);
INSERT INTO ingredient_has_tag VALUES(661,13);
INSERT INTO ingredient_has_tag VALUES(662,28);
INSERT INTO ingredient_has_tag VALUES(662,13);
INSERT INTO ingredient_has_tag VALUES(663,28);
INSERT INTO ingredient_has_tag VALUES(663,13);
INSERT INTO ingredient_has_tag VALUES(664,28);
INSERT INTO ingredient_has_tag VALUES(664,13);
INSERT INTO ingredient_has_tag VALUES(665,28);
INSERT INTO ingredient_has_tag VALUES(665,13);
INSERT INTO ingredient_has_tag VALUES(666,28);
INSERT INTO ingredient_has_tag VALUES(666,13);
INSERT INTO ingredient_has_tag VALUES(667,28);
INSERT INTO ingredient_has_tag VALUES(667,13);
INSERT INTO ingredient_has_tag VALUES(668,28);
INSERT INTO ingredient_has_tag VALUES(668,13);
INSERT INTO ingredient_has_tag VALUES(669,28);
INSERT INTO ingredient_has_tag VALUES(669,13);
INSERT INTO ingredient_has_tag VALUES(670,28);
INSERT INTO ingredient_has_tag VALUES(670,13);
INSERT INTO ingredient_has_tag VALUES(671,28);
INSERT INTO ingredient_has_tag VALUES(671,13);
INSERT INTO ingredient_has_tag VALUES(672,28);
INSERT INTO ingredient_has_tag VALUES(672,13);
INSERT INTO ingredient_has_tag VALUES(673,28);
INSERT INTO ingredient_has_tag VALUES(673,13);
INSERT INTO ingredient_has_tag VALUES(674,28);
INSERT INTO ingredient_has_tag VALUES(674,13);
INSERT INTO ingredient_has_tag VALUES(675,28);
INSERT INTO ingredient_has_tag VALUES(675,13);
INSERT INTO ingredient_has_tag VALUES(676,28);
INSERT INTO ingredient_has_tag VALUES(676,13);
INSERT INTO ingredient_has_tag VALUES(677,28);
INSERT INTO ingredient_has_tag VALUES(677,13);
INSERT INTO ingredient_has_tag VALUES(678,28);
INSERT INTO ingredient_has_tag VALUES(678,13);
INSERT INTO ingredient_has_tag VALUES(679,28);
INSERT INTO ingredient_has_tag VALUES(679,13);
INSERT INTO ingredient_has_tag VALUES(680,28);
INSERT INTO ingredient_has_tag VALUES(680,13);
INSERT INTO ingredient_has_tag VALUES(681,28);
INSERT INTO ingredient_has_tag VALUES(681,13);
INSERT INTO ingredient_has_tag VALUES(682,28);
INSERT INTO ingredient_has_tag VALUES(682,13);
INSERT INTO ingredient_has_tag VALUES(683,28);
INSERT INTO ingredient_has_tag VALUES(683,13);
INSERT INTO ingredient_has_tag VALUES(684,28);
INSERT INTO ingredient_has_tag VALUES(684,13);
INSERT INTO ingredient_has_tag VALUES(685,28);
INSERT INTO ingredient_has_tag VALUES(685,13);
INSERT INTO ingredient_has_tag VALUES(686,28);
INSERT INTO ingredient_has_tag VALUES(686,13);
INSERT INTO ingredient_has_tag VALUES(687,28);
INSERT INTO ingredient_has_tag VALUES(687,13);
INSERT INTO ingredient_has_tag VALUES(688,28);
INSERT INTO ingredient_has_tag VALUES(688,13);
INSERT INTO ingredient_has_tag VALUES(689,28);
INSERT INTO ingredient_has_tag VALUES(689,13);
INSERT INTO ingredient_has_tag VALUES(690,28);
INSERT INTO ingredient_has_tag VALUES(690,13);
INSERT INTO ingredient_has_tag VALUES(691,28);
INSERT INTO ingredient_has_tag VALUES(691,13);
INSERT INTO ingredient_has_tag VALUES(692,28);
INSERT INTO ingredient_has_tag VALUES(692,13);
INSERT INTO ingredient_has_tag VALUES(693,28);
INSERT INTO ingredient_has_tag VALUES(693,13);
INSERT INTO ingredient_has_tag VALUES(694,28);
INSERT INTO ingredient_has_tag VALUES(694,13);
INSERT INTO ingredient_has_tag VALUES(695,28);
INSERT INTO ingredient_has_tag VALUES(695,13);
INSERT INTO ingredient_has_tag VALUES(696,28);
INSERT INTO ingredient_has_tag VALUES(696,13);
INSERT INTO ingredient_has_tag VALUES(697,28);
INSERT INTO ingredient_has_tag VALUES(697,13);
INSERT INTO ingredient_has_tag VALUES(698,28);
INSERT INTO ingredient_has_tag VALUES(698,13);
INSERT INTO ingredient_has_tag VALUES(699,28);
INSERT INTO ingredient_has_tag VALUES(699,13);
INSERT INTO ingredient_has_tag VALUES(700,28);
INSERT INTO ingredient_has_tag VALUES(700,13);
INSERT INTO ingredient_has_tag VALUES(701,28);
INSERT INTO ingredient_has_tag VALUES(701,13);
INSERT INTO ingredient_has_tag VALUES(702,28);
INSERT INTO ingredient_has_tag VALUES(702,13);
INSERT INTO ingredient_has_tag VALUES(703,28);
INSERT INTO ingredient_has_tag VALUES(703,13);
INSERT INTO ingredient_has_tag VALUES(704,28);
INSERT INTO ingredient_has_tag VALUES(704,13);
INSERT INTO ingredient_has_tag VALUES(705,13);
INSERT INTO ingredient_has_tag VALUES(705,29);
INSERT INTO ingredient_has_tag VALUES(706,13);
INSERT INTO ingredient_has_tag VALUES(706,29);
INSERT INTO ingredient_has_tag VALUES(707,13);
INSERT INTO ingredient_has_tag VALUES(707,29);
INSERT INTO ingredient_has_tag VALUES(708,13);
INSERT INTO ingredient_has_tag VALUES(708,29);
INSERT INTO ingredient_has_tag VALUES(709,13);
INSERT INTO ingredient_has_tag VALUES(709,29);
INSERT INTO ingredient_has_tag VALUES(710,13);
INSERT INTO ingredient_has_tag VALUES(710,29);
INSERT INTO ingredient_has_tag VALUES(711,13);
INSERT INTO ingredient_has_tag VALUES(711,29);
INSERT INTO ingredient_has_tag VALUES(712,13);
INSERT INTO ingredient_has_tag VALUES(712,29);
INSERT INTO ingredient_has_tag VALUES(713,13);
INSERT INTO ingredient_has_tag VALUES(713,29);
INSERT INTO ingredient_has_tag VALUES(714,13);
INSERT INTO ingredient_has_tag VALUES(714,29);
INSERT INTO ingredient_has_tag VALUES(715,13);
INSERT INTO ingredient_has_tag VALUES(715,29);
INSERT INTO ingredient_has_tag VALUES(716,13);
INSERT INTO ingredient_has_tag VALUES(716,29);
INSERT INTO ingredient_has_tag VALUES(717,13);
INSERT INTO ingredient_has_tag VALUES(717,29);
INSERT INTO ingredient_has_tag VALUES(718,13);
INSERT INTO ingredient_has_tag VALUES(718,29);
INSERT INTO ingredient_has_tag VALUES(719,13);
INSERT INTO ingredient_has_tag VALUES(719,29);
INSERT INTO ingredient_has_tag VALUES(720,13);
INSERT INTO ingredient_has_tag VALUES(720,29);
INSERT INTO ingredient_has_tag VALUES(721,13);
INSERT INTO ingredient_has_tag VALUES(721,29);
INSERT INTO ingredient_has_tag VALUES(722,13);
INSERT INTO ingredient_has_tag VALUES(722,29);
INSERT INTO ingredient_has_tag VALUES(723,13);
INSERT INTO ingredient_has_tag VALUES(723,29);
INSERT INTO ingredient_has_tag VALUES(724,13);
INSERT INTO ingredient_has_tag VALUES(724,29);
INSERT INTO ingredient_has_tag VALUES(725,13);
INSERT INTO ingredient_has_tag VALUES(725,29);
INSERT INTO ingredient_has_tag VALUES(726,13);
INSERT INTO ingredient_has_tag VALUES(726,29);
INSERT INTO ingredient_has_tag VALUES(727,13);
INSERT INTO ingredient_has_tag VALUES(727,29);
INSERT INTO ingredient_has_tag VALUES(728,13);
INSERT INTO ingredient_has_tag VALUES(728,29);
INSERT INTO ingredient_has_tag VALUES(729,13);
INSERT INTO ingredient_has_tag VALUES(729,29);
INSERT INTO ingredient_has_tag VALUES(730,13);
INSERT INTO ingredient_has_tag VALUES(730,29);
INSERT INTO ingredient_has_tag VALUES(731,13);
INSERT INTO ingredient_has_tag VALUES(731,29);
INSERT INTO ingredient_has_tag VALUES(732,13);
INSERT INTO ingredient_has_tag VALUES(732,29);
INSERT INTO ingredient_has_tag VALUES(733,13);
INSERT INTO ingredient_has_tag VALUES(733,29);
INSERT INTO ingredient_has_tag VALUES(734,13);
INSERT INTO ingredient_has_tag VALUES(734,29);
INSERT INTO ingredient_has_tag VALUES(735,13);
INSERT INTO ingredient_has_tag VALUES(735,29);
INSERT INTO ingredient_has_tag VALUES(736,13);
INSERT INTO ingredient_has_tag VALUES(736,29);
INSERT INTO ingredient_has_tag VALUES(737,13);
INSERT INTO ingredient_has_tag VALUES(737,29);
INSERT INTO ingredient_has_tag VALUES(738,13);
INSERT INTO ingredient_has_tag VALUES(738,29);
INSERT INTO ingredient_has_tag VALUES(739,13);
INSERT INTO ingredient_has_tag VALUES(739,29);
INSERT INTO ingredient_has_tag VALUES(740,13);
INSERT INTO ingredient_has_tag VALUES(740,30);
INSERT INTO ingredient_has_tag VALUES(741,13);
INSERT INTO ingredient_has_tag VALUES(741,30);
INSERT INTO ingredient_has_tag VALUES(742,13);
INSERT INTO ingredient_has_tag VALUES(742,30);
INSERT INTO ingredient_has_tag VALUES(743,13);
INSERT INTO ingredient_has_tag VALUES(743,30);
INSERT INTO ingredient_has_tag VALUES(744,13);
INSERT INTO ingredient_has_tag VALUES(744,30);
INSERT INTO ingredient_has_tag VALUES(745,13);
INSERT INTO ingredient_has_tag VALUES(745,30);
INSERT INTO ingredient_has_tag VALUES(746,13);
INSERT INTO ingredient_has_tag VALUES(746,30);
INSERT INTO ingredient_has_tag VALUES(747,13);
INSERT INTO ingredient_has_tag VALUES(747,30);
INSERT INTO ingredient_has_tag VALUES(748,13);
INSERT INTO ingredient_has_tag VALUES(748,30);
INSERT INTO ingredient_has_tag VALUES(749,13);
INSERT INTO ingredient_has_tag VALUES(749,30);
INSERT INTO ingredient_has_tag VALUES(750,13);
INSERT INTO ingredient_has_tag VALUES(750,30);
INSERT INTO ingredient_has_tag VALUES(751,13);
INSERT INTO ingredient_has_tag VALUES(751,30);
INSERT INTO ingredient_has_tag VALUES(752,13);
INSERT INTO ingredient_has_tag VALUES(752,30);
INSERT INTO ingredient_has_tag VALUES(753,13);
INSERT INTO ingredient_has_tag VALUES(753,30);
INSERT INTO ingredient_has_tag VALUES(754,13);
INSERT INTO ingredient_has_tag VALUES(754,30);
INSERT INTO ingredient_has_tag VALUES(755,13);
INSERT INTO ingredient_has_tag VALUES(755,30);
INSERT INTO ingredient_has_tag VALUES(756,13);
INSERT INTO ingredient_has_tag VALUES(756,30);
INSERT INTO ingredient_has_tag VALUES(757,13);
INSERT INTO ingredient_has_tag VALUES(757,30);
INSERT INTO ingredient_has_tag VALUES(758,13);
INSERT INTO ingredient_has_tag VALUES(758,30);
INSERT INTO ingredient_has_tag VALUES(759,13);
INSERT INTO ingredient_has_tag VALUES(759,30);
INSERT INTO ingredient_has_tag VALUES(760,32);
INSERT INTO ingredient_has_tag VALUES(760,13);
INSERT INTO ingredient_has_tag VALUES(760,31);
INSERT INTO ingredient_has_tag VALUES(761,33);
INSERT INTO ingredient_has_tag VALUES(761,13);
INSERT INTO ingredient_has_tag VALUES(762,34);
INSERT INTO ingredient_has_tag VALUES(762,13);
INSERT INTO ingredient_has_tag VALUES(762,31);
INSERT INTO ingredient_has_tag VALUES(763,35);
INSERT INTO ingredient_has_tag VALUES(763,13);
INSERT INTO ingredient_has_tag VALUES(763,31);
INSERT INTO ingredient_has_tag VALUES(764,37);
INSERT INTO ingredient_has_tag VALUES(764,36);
INSERT INTO ingredient_has_tag VALUES(764,13);
INSERT INTO ingredient_has_tag VALUES(764,14);
INSERT INTO ingredient_has_tag VALUES(765,37);
INSERT INTO ingredient_has_tag VALUES(765,36);
INSERT INTO ingredient_has_tag VALUES(765,13);
INSERT INTO ingredient_has_tag VALUES(765,14);
INSERT INTO ingredient_has_tag VALUES(766,37);
INSERT INTO ingredient_has_tag VALUES(766,36);
INSERT INTO ingredient_has_tag VALUES(766,13);
INSERT INTO ingredient_has_tag VALUES(766,14);
INSERT INTO ingredient_has_tag VALUES(767,37);
INSERT INTO ingredient_has_tag VALUES(767,36);
INSERT INTO ingredient_has_tag VALUES(767,13);
INSERT INTO ingredient_has_tag VALUES(767,14);
INSERT INTO ingredient_has_tag VALUES(768,37);
INSERT INTO ingredient_has_tag VALUES(768,36);
INSERT INTO ingredient_has_tag VALUES(768,13);
INSERT INTO ingredient_has_tag VALUES(768,14);
INSERT INTO ingredient_has_tag VALUES(769,37);
INSERT INTO ingredient_has_tag VALUES(769,36);
INSERT INTO ingredient_has_tag VALUES(769,13);
INSERT INTO ingredient_has_tag VALUES(769,14);
INSERT INTO ingredient_has_tag VALUES(770,37);
INSERT INTO ingredient_has_tag VALUES(770,36);
INSERT INTO ingredient_has_tag VALUES(770,13);
INSERT INTO ingredient_has_tag VALUES(770,14);
INSERT INTO ingredient_has_tag VALUES(771,4);
INSERT INTO ingredient_has_tag VALUES(771,38);
INSERT INTO ingredient_has_tag VALUES(771,39);
INSERT INTO ingredient_has_tag VALUES(771,13);
INSERT INTO ingredient_has_tag VALUES(771,14);
INSERT INTO ingredient_has_tag VALUES(772,4);
INSERT INTO ingredient_has_tag VALUES(772,5);
INSERT INTO ingredient_has_tag VALUES(772,39);
INSERT INTO ingredient_has_tag VALUES(772,13);
INSERT INTO ingredient_has_tag VALUES(772,14);
INSERT INTO ingredient_has_tag VALUES(773,4);
INSERT INTO ingredient_has_tag VALUES(773,13);
INSERT INTO ingredient_has_tag VALUES(773,14);
INSERT INTO ingredient_has_tag VALUES(773,39);
INSERT INTO ingredient_has_tag VALUES(774,4);
INSERT INTO ingredient_has_tag VALUES(774,5);
INSERT INTO ingredient_has_tag VALUES(774,39);
INSERT INTO ingredient_has_tag VALUES(774,13);
INSERT INTO ingredient_has_tag VALUES(774,14);
INSERT INTO ingredient_has_tag VALUES(775,4);
INSERT INTO ingredient_has_tag VALUES(775,13);
INSERT INTO ingredient_has_tag VALUES(775,14);
INSERT INTO ingredient_has_tag VALUES(775,39);
INSERT INTO ingredient_has_tag VALUES(776,4);
INSERT INTO ingredient_has_tag VALUES(776,5);
INSERT INTO ingredient_has_tag VALUES(776,39);
INSERT INTO ingredient_has_tag VALUES(776,40);
INSERT INTO ingredient_has_tag VALUES(776,13);
INSERT INTO ingredient_has_tag VALUES(776,14);
INSERT INTO ingredient_has_tag VALUES(777,41);
INSERT INTO ingredient_has_tag VALUES(777,13);
INSERT INTO ingredient_has_tag VALUES(777,14);
INSERT INTO ingredient_has_tag VALUES(778,40);
INSERT INTO ingredient_has_tag VALUES(778,13);
INSERT INTO ingredient_has_tag VALUES(778,14);
INSERT INTO ingredient_has_tag VALUES(779,42);
INSERT INTO ingredient_has_tag VALUES(779,13);
INSERT INTO ingredient_has_tag VALUES(779,14);
INSERT INTO ingredient_has_tag VALUES(780,43);
INSERT INTO ingredient_has_tag VALUES(780,13);
INSERT INTO ingredient_has_tag VALUES(780,14);
INSERT INTO ingredient_has_tag VALUES(781,44);
INSERT INTO ingredient_has_tag VALUES(781,13);
INSERT INTO ingredient_has_tag VALUES(781,14);
INSERT INTO ingredient_has_tag VALUES(782,45);
INSERT INTO ingredient_has_tag VALUES(782,46);
INSERT INTO ingredient_has_tag VALUES(782,13);
INSERT INTO ingredient_has_tag VALUES(782,14);
INSERT INTO ingredient_has_tag VALUES(782,15);
INSERT INTO ingredient_has_tag VALUES(783,13);
INSERT INTO ingredient_has_tag VALUES(783,14);
INSERT INTO ingredient_has_tag VALUES(783,47);
INSERT INTO ingredient_has_tag VALUES(784,48);
INSERT INTO ingredient_has_tag VALUES(784,13);
INSERT INTO ingredient_has_tag VALUES(784,14);
INSERT INTO ingredient_has_tag VALUES(784,47);
INSERT INTO ingredient_has_tag VALUES(785,49);
INSERT INTO ingredient_has_tag VALUES(785,13);
INSERT INTO ingredient_has_tag VALUES(785,14);
INSERT INTO ingredient_has_tag VALUES(786,13);
INSERT INTO ingredient_has_tag VALUES(786,14);
INSERT INTO ingredient_has_tag VALUES(787,50);
INSERT INTO ingredient_has_tag VALUES(787,13);
INSERT INTO ingredient_has_tag VALUES(787,14);
INSERT INTO ingredient_has_tag VALUES(788,51);
INSERT INTO ingredient_has_tag VALUES(788,13);
INSERT INTO ingredient_has_tag VALUES(788,14);
INSERT INTO ingredient_has_tag VALUES(789,51);
INSERT INTO ingredient_has_tag VALUES(789,13);
INSERT INTO ingredient_has_tag VALUES(789,14);
INSERT INTO ingredient_has_tag VALUES(790,52);
INSERT INTO ingredient_has_tag VALUES(790,13);
INSERT INTO ingredient_has_tag VALUES(790,14);
INSERT INTO ingredient_has_tag VALUES(791,53);
INSERT INTO ingredient_has_tag VALUES(791,13);
INSERT INTO ingredient_has_tag VALUES(791,14);
INSERT INTO ingredient_has_tag VALUES(792,54);
INSERT INTO ingredient_has_tag VALUES(792,13);
INSERT INTO ingredient_has_tag VALUES(792,14);
INSERT INTO ingredient_has_tag VALUES(793,13);
INSERT INTO ingredient_has_tag VALUES(793,14);
INSERT INTO ingredient_has_tag VALUES(793,55);
INSERT INTO ingredient_has_tag VALUES(794,56);
INSERT INTO ingredient_has_tag VALUES(794,13);
INSERT INTO ingredient_has_tag VALUES(794,14);
INSERT INTO ingredient_has_tag VALUES(795,57);
INSERT INTO ingredient_has_tag VALUES(795,13);
INSERT INTO ingredient_has_tag VALUES(795,14);
INSERT INTO ingredient_has_tag VALUES(796,58);
INSERT INTO ingredient_has_tag VALUES(796,13);
INSERT INTO ingredient_has_tag VALUES(796,14);
INSERT INTO ingredient_has_tag VALUES(797,59);
INSERT INTO ingredient_has_tag VALUES(797,13);
INSERT INTO ingredient_has_tag VALUES(797,14);
INSERT INTO ingredient_has_tag VALUES(798,52);
INSERT INTO ingredient_has_tag VALUES(798,13);
INSERT INTO ingredient_has_tag VALUES(798,14);
INSERT INTO ingredient_has_tag VALUES(799,60);
INSERT INTO ingredient_has_tag VALUES(799,13);
INSERT INTO ingredient_has_tag VALUES(799,14);
INSERT INTO ingredient_has_tag VALUES(800,60);
INSERT INTO ingredient_has_tag VALUES(800,13);
INSERT INTO ingredient_has_tag VALUES(800,14);
INSERT INTO ingredient_has_tag VALUES(801,33);
INSERT INTO ingredient_has_tag VALUES(801,61);
INSERT INTO ingredient_has_tag VALUES(801,13);
INSERT INTO ingredient_has_tag VALUES(801,62);
INSERT INTO ingredient_has_tag VALUES(802,13);
INSERT INTO ingredient_has_tag VALUES(802,14);
INSERT INTO ingredient_has_tag VALUES(803,13);
INSERT INTO ingredient_has_tag VALUES(803,14);
INSERT INTO ingredient_has_tag VALUES(804,13);
INSERT INTO ingredient_has_tag VALUES(804,14);
INSERT INTO ingredient_has_tag VALUES(805,13);
INSERT INTO ingredient_has_tag VALUES(805,14);
INSERT INTO ingredient_has_tag VALUES(806,13);
INSERT INTO ingredient_has_tag VALUES(806,14);
INSERT INTO ingredient_has_tag VALUES(807,13);
INSERT INTO ingredient_has_tag VALUES(807,14);
INSERT INTO ingredient_has_tag VALUES(808,13);
INSERT INTO ingredient_has_tag VALUES(808,14);
INSERT INTO ingredient_has_tag VALUES(809,13);
INSERT INTO ingredient_has_tag VALUES(809,14);
INSERT INTO ingredient_has_tag VALUES(810,13);
INSERT INTO ingredient_has_tag VALUES(810,14);
INSERT INTO ingredient_has_tag VALUES(811,13);
INSERT INTO ingredient_has_tag VALUES(811,14);
INSERT INTO ingredient_has_tag VALUES(812,13);
INSERT INTO ingredient_has_tag VALUES(812,14);
INSERT INTO ingredient_has_tag VALUES(813,13);
INSERT INTO ingredient_has_tag VALUES(813,14);
INSERT INTO ingredient_has_tag VALUES(814,13);
INSERT INTO ingredient_has_tag VALUES(814,14);
INSERT INTO ingredient_has_tag VALUES(815,13);
INSERT INTO ingredient_has_tag VALUES(815,14);
INSERT INTO ingredient_has_tag VALUES(816,13);
INSERT INTO ingredient_has_tag VALUES(816,14);
INSERT INTO ingredient_has_tag VALUES(817,13);
INSERT INTO ingredient_has_tag VALUES(817,14);
INSERT INTO ingredient_has_tag VALUES(818,13);
INSERT INTO ingredient_has_tag VALUES(818,14);
INSERT INTO ingredient_has_tag VALUES(819,13);
INSERT INTO ingredient_has_tag VALUES(819,14);
INSERT INTO ingredient_has_tag VALUES(820,13);
INSERT INTO ingredient_has_tag VALUES(820,14);
INSERT INTO ingredient_has_tag VALUES(821,13);
INSERT INTO ingredient_has_tag VALUES(821,14);
INSERT INTO ingredient_has_tag VALUES(822,13);
INSERT INTO ingredient_has_tag VALUES(822,14);
INSERT INTO ingredient_has_tag VALUES(823,13);
INSERT INTO ingredient_has_tag VALUES(823,14);
INSERT INTO ingredient_has_tag VALUES(824,64);
INSERT INTO ingredient_has_tag VALUES(824,63);
INSERT INTO ingredient_has_tag VALUES(825,64);
INSERT INTO ingredient_has_tag VALUES(825,63);
INSERT INTO ingredient_has_tag VALUES(826,64);
INSERT INTO ingredient_has_tag VALUES(826,63);
INSERT INTO ingredient_has_tag VALUES(827,64);
INSERT INTO ingredient_has_tag VALUES(827,63);
INSERT INTO ingredient_has_tag VALUES(828,64);
INSERT INTO ingredient_has_tag VALUES(828,63);
INSERT INTO ingredient_has_tag VALUES(829,64);
INSERT INTO ingredient_has_tag VALUES(829,63);
INSERT INTO ingredient_has_tag VALUES(830,64);
INSERT INTO ingredient_has_tag VALUES(830,63);
INSERT INTO ingredient_has_tag VALUES(831,64);
INSERT INTO ingredient_has_tag VALUES(831,63);
INSERT INTO ingredient_has_tag VALUES(832,64);
INSERT INTO ingredient_has_tag VALUES(832,63);
INSERT INTO ingredient_has_tag VALUES(833,64);
INSERT INTO ingredient_has_tag VALUES(833,63);
INSERT INTO ingredient_has_tag VALUES(834,64);
INSERT INTO ingredient_has_tag VALUES(834,63);
INSERT INTO ingredient_has_tag VALUES(835,64);
INSERT INTO ingredient_has_tag VALUES(835,63);
INSERT INTO ingredient_has_tag VALUES(836,64);
INSERT INTO ingredient_has_tag VALUES(836,63);
INSERT INTO ingredient_has_tag VALUES(837,64);
INSERT INTO ingredient_has_tag VALUES(837,63);
INSERT INTO ingredient_has_tag VALUES(838,64);
INSERT INTO ingredient_has_tag VALUES(838,63);
INSERT INTO ingredient_has_tag VALUES(839,64);
INSERT INTO ingredient_has_tag VALUES(839,63);
INSERT INTO ingredient_has_tag VALUES(840,64);
INSERT INTO ingredient_has_tag VALUES(840,63);
INSERT INTO ingredient_has_tag VALUES(841,64);
INSERT INTO ingredient_has_tag VALUES(841,63);
INSERT INTO ingredient_has_tag VALUES(842,64);
INSERT INTO ingredient_has_tag VALUES(842,63);
INSERT INTO ingredient_has_tag VALUES(843,64);
INSERT INTO ingredient_has_tag VALUES(843,63);
INSERT INTO ingredient_has_tag VALUES(844,64);
INSERT INTO ingredient_has_tag VALUES(844,63);
INSERT INTO ingredient_has_tag VALUES(845,64);
INSERT INTO ingredient_has_tag VALUES(845,63);
INSERT INTO ingredient_has_tag VALUES(846,64);
INSERT INTO ingredient_has_tag VALUES(846,63);
INSERT INTO ingredient_has_tag VALUES(847,64);
INSERT INTO ingredient_has_tag VALUES(847,63);
INSERT INTO ingredient_has_tag VALUES(848,64);
INSERT INTO ingredient_has_tag VALUES(848,63);
INSERT INTO ingredient_has_tag VALUES(849,64);
INSERT INTO ingredient_has_tag VALUES(849,63);
INSERT INTO ingredient_has_tag VALUES(850,64);
INSERT INTO ingredient_has_tag VALUES(850,63);
INSERT INTO ingredient_has_tag VALUES(851,64);
INSERT INTO ingredient_has_tag VALUES(851,63);
INSERT INTO ingredient_has_tag VALUES(852,64);
INSERT INTO ingredient_has_tag VALUES(852,63);
INSERT INTO ingredient_has_tag VALUES(853,64);
INSERT INTO ingredient_has_tag VALUES(853,63);
INSERT INTO ingredient_has_tag VALUES(854,64);
INSERT INTO ingredient_has_tag VALUES(854,63);
INSERT INTO ingredient_has_tag VALUES(855,64);
INSERT INTO ingredient_has_tag VALUES(855,63);
INSERT INTO ingredient_has_tag VALUES(856,64);
INSERT INTO ingredient_has_tag VALUES(856,63);
INSERT INTO ingredient_has_tag VALUES(857,64);
INSERT INTO ingredient_has_tag VALUES(857,63);
INSERT INTO ingredient_has_tag VALUES(858,64);
INSERT INTO ingredient_has_tag VALUES(858,63);
INSERT INTO ingredient_has_tag VALUES(859,64);
INSERT INTO ingredient_has_tag VALUES(859,63);
INSERT INTO ingredient_has_tag VALUES(860,64);
INSERT INTO ingredient_has_tag VALUES(860,63);
INSERT INTO ingredient_has_tag VALUES(861,64);
INSERT INTO ingredient_has_tag VALUES(861,63);
INSERT INTO ingredient_has_tag VALUES(862,64);
INSERT INTO ingredient_has_tag VALUES(862,63);
INSERT INTO ingredient_has_tag VALUES(863,64);
INSERT INTO ingredient_has_tag VALUES(863,63);
INSERT INTO ingredient_has_tag VALUES(864,64);
INSERT INTO ingredient_has_tag VALUES(864,63);
INSERT INTO ingredient_has_tag VALUES(865,64);
INSERT INTO ingredient_has_tag VALUES(865,63);
INSERT INTO ingredient_has_tag VALUES(866,64);
INSERT INTO ingredient_has_tag VALUES(866,63);
INSERT INTO ingredient_has_tag VALUES(867,64);
INSERT INTO ingredient_has_tag VALUES(867,63);
INSERT INTO ingredient_has_tag VALUES(868,64);
INSERT INTO ingredient_has_tag VALUES(868,63);
INSERT INTO ingredient_has_tag VALUES(869,64);
INSERT INTO ingredient_has_tag VALUES(869,63);
INSERT INTO ingredient_has_tag VALUES(870,64);
INSERT INTO ingredient_has_tag VALUES(870,63);
INSERT INTO ingredient_has_tag VALUES(871,64);
INSERT INTO ingredient_has_tag VALUES(871,63);
INSERT INTO ingredient_has_tag VALUES(872,64);
INSERT INTO ingredient_has_tag VALUES(872,63);
INSERT INTO ingredient_has_tag VALUES(873,64);
INSERT INTO ingredient_has_tag VALUES(873,63);
INSERT INTO ingredient_has_tag VALUES(874,64);
INSERT INTO ingredient_has_tag VALUES(874,63);
INSERT INTO ingredient_has_tag VALUES(875,64);
INSERT INTO ingredient_has_tag VALUES(875,63);
INSERT INTO ingredient_has_tag VALUES(876,64);
INSERT INTO ingredient_has_tag VALUES(876,63);
INSERT INTO ingredient_has_tag VALUES(877,64);
INSERT INTO ingredient_has_tag VALUES(877,63);
INSERT INTO ingredient_has_tag VALUES(878,64);
INSERT INTO ingredient_has_tag VALUES(878,63);
INSERT INTO ingredient_has_tag VALUES(879,64);
INSERT INTO ingredient_has_tag VALUES(879,63);
INSERT INTO ingredient_has_tag VALUES(880,64);
INSERT INTO ingredient_has_tag VALUES(880,63);
INSERT INTO ingredient_has_tag VALUES(881,64);
INSERT INTO ingredient_has_tag VALUES(881,63);
INSERT INTO ingredient_has_tag VALUES(883,64);
INSERT INTO ingredient_has_tag VALUES(883,63);
INSERT INTO ingredient_has_tag VALUES(884,64);
INSERT INTO ingredient_has_tag VALUES(884,63);
INSERT INTO ingredient_has_tag VALUES(885,64);
INSERT INTO ingredient_has_tag VALUES(885,63);
INSERT INTO ingredient_has_tag VALUES(886,64);
INSERT INTO ingredient_has_tag VALUES(886,63);
INSERT INTO ingredient_has_tag VALUES(887,64);
INSERT INTO ingredient_has_tag VALUES(887,63);
INSERT INTO ingredient_has_tag VALUES(888,64);
INSERT INTO ingredient_has_tag VALUES(888,63);
INSERT INTO ingredient_has_tag VALUES(889,64);
INSERT INTO ingredient_has_tag VALUES(889,63);
INSERT INTO ingredient_has_tag VALUES(890,64);
INSERT INTO ingredient_has_tag VALUES(890,63);
INSERT INTO ingredient_has_tag VALUES(891,64);
INSERT INTO ingredient_has_tag VALUES(891,63);
INSERT INTO ingredient_has_tag VALUES(892,64);
INSERT INTO ingredient_has_tag VALUES(892,63);
INSERT INTO ingredient_has_tag VALUES(893,64);
INSERT INTO ingredient_has_tag VALUES(893,63);
INSERT INTO ingredient_has_tag VALUES(894,64);
INSERT INTO ingredient_has_tag VALUES(894,63);
INSERT INTO ingredient_has_tag VALUES(895,64);
INSERT INTO ingredient_has_tag VALUES(895,63);
INSERT INTO ingredient_has_tag VALUES(896,64);
INSERT INTO ingredient_has_tag VALUES(896,63);
INSERT INTO ingredient_has_tag VALUES(897,64);
INSERT INTO ingredient_has_tag VALUES(897,63);
INSERT INTO ingredient_has_tag VALUES(898,64);
INSERT INTO ingredient_has_tag VALUES(898,63);
INSERT INTO ingredient_has_tag VALUES(899,64);
INSERT INTO ingredient_has_tag VALUES(899,63);
INSERT INTO ingredient_has_tag VALUES(900,65);
INSERT INTO ingredient_has_tag VALUES(900,4);
INSERT INTO ingredient_has_tag VALUES(901,65);
INSERT INTO ingredient_has_tag VALUES(901,4);
INSERT INTO ingredient_has_tag VALUES(902,66);
INSERT INTO ingredient_has_tag VALUES(902,4);
INSERT INTO ingredient_has_tag VALUES(903,66);
INSERT INTO ingredient_has_tag VALUES(903,4);
INSERT INTO ingredient_has_tag VALUES(904,67);
INSERT INTO ingredient_has_tag VALUES(904,4);
INSERT INTO ingredient_has_tag VALUES(905,68);
INSERT INTO ingredient_has_tag VALUES(905,69);
INSERT INTO ingredient_has_tag VALUES(906,68);
INSERT INTO ingredient_has_tag VALUES(906,69);
INSERT INTO ingredient_has_tag VALUES(907,68);
INSERT INTO ingredient_has_tag VALUES(907,69);
INSERT INTO ingredient_has_tag VALUES(908,68);
INSERT INTO ingredient_has_tag VALUES(908,69);
INSERT INTO ingredient_has_tag VALUES(909,68);
INSERT INTO ingredient_has_tag VALUES(909,69);
INSERT INTO ingredient_has_tag VALUES(910,68);
INSERT INTO ingredient_has_tag VALUES(910,69);
INSERT INTO ingredient_has_tag VALUES(911,68);
INSERT INTO ingredient_has_tag VALUES(911,69);
INSERT INTO ingredient_has_tag VALUES(912,68);
INSERT INTO ingredient_has_tag VALUES(912,69);
INSERT INTO ingredient_has_tag VALUES(913,68);
INSERT INTO ingredient_has_tag VALUES(913,69);
INSERT INTO ingredient_has_tag VALUES(913,70);
INSERT INTO ingredient_has_tag VALUES(914,68);
INSERT INTO ingredient_has_tag VALUES(914,69);
INSERT INTO ingredient_has_tag VALUES(914,70);
INSERT INTO ingredient_has_tag VALUES(915,68);
INSERT INTO ingredient_has_tag VALUES(915,69);
INSERT INTO ingredient_has_tag VALUES(915,70);
INSERT INTO ingredient_has_tag VALUES(916,68);
INSERT INTO ingredient_has_tag VALUES(916,69);
INSERT INTO ingredient_has_tag VALUES(917,68);
INSERT INTO ingredient_has_tag VALUES(917,69);
INSERT INTO ingredient_has_tag VALUES(918,68);
INSERT INTO ingredient_has_tag VALUES(918,69);
INSERT INTO ingredient_has_tag VALUES(919,68);
INSERT INTO ingredient_has_tag VALUES(919,69);
INSERT INTO ingredient_has_tag VALUES(920,71);
INSERT INTO ingredient_has_tag VALUES(921,68);
INSERT INTO ingredient_has_tag VALUES(921,37);
INSERT INTO ingredient_has_tag VALUES(921,71);
INSERT INTO ingredient_has_tag VALUES(922,72);
INSERT INTO ingredient_has_tag VALUES(922,73);
INSERT INTO ingredient_has_tag VALUES(923,72);
INSERT INTO ingredient_has_tag VALUES(923,74);
INSERT INTO ingredient_has_tag VALUES(924,72);
INSERT INTO ingredient_has_tag VALUES(924,75);
INSERT INTO ingredient_has_tag VALUES(924,69);
INSERT INTO ingredient_has_tag VALUES(925,72);
INSERT INTO ingredient_has_tag VALUES(925,75);
INSERT INTO ingredient_has_tag VALUES(925,69);
INSERT INTO ingredient_has_tag VALUES(926,72);
INSERT INTO ingredient_has_tag VALUES(926,75);
INSERT INTO ingredient_has_tag VALUES(926,69);
INSERT INTO ingredient_has_tag VALUES(927,72);
INSERT INTO ingredient_has_tag VALUES(927,76);
INSERT INTO ingredient_has_tag VALUES(928,72);
INSERT INTO ingredient_has_tag VALUES(928,77);
INSERT INTO ingredient_has_tag VALUES(929,72);
INSERT INTO ingredient_has_tag VALUES(929,78);
INSERT INTO ingredient_has_tag VALUES(930,72);
INSERT INTO ingredient_has_tag VALUES(930,79);
INSERT INTO ingredient_has_tag VALUES(931,80);
INSERT INTO ingredient_has_tag VALUES(931,81);
INSERT INTO ingredient_has_tag VALUES(931,82);
INSERT INTO ingredient_has_tag VALUES(932,83);
INSERT INTO ingredient_has_tag VALUES(932,84);
INSERT INTO ingredient_has_tag VALUES(932,13);
INSERT INTO ingredient_has_tag VALUES(932,14);
INSERT INTO ingredient_has_tag VALUES(933,83);
INSERT INTO ingredient_has_tag VALUES(933,85);
INSERT INTO ingredient_has_tag VALUES(933,13);
INSERT INTO ingredient_has_tag VALUES(933,14);
INSERT INTO ingredient_has_tag VALUES(934,6);
INSERT INTO ingredient_has_tag VALUES(934,7);
INSERT INTO ingredient_has_tag VALUES(934,12);
INSERT INTO ingredient_has_tag VALUES(934,16);
INSERT INTO ingredient_has_tag VALUES(934,86);
INSERT INTO ingredient_has_tag VALUES(934,87);
INSERT INTO ingredient_has_tag VALUES(937,88);
INSERT INTO ingredient_has_tag VALUES(937,13);
INSERT INTO ingredient_has_tag VALUES(937,14);
INSERT INTO ingredient_has_tag VALUES(938,88);
INSERT INTO ingredient_has_tag VALUES(938,13);
INSERT INTO ingredient_has_tag VALUES(938,14);
INSERT INTO ingredient_has_tag VALUES(939,88);
INSERT INTO ingredient_has_tag VALUES(939,13);
INSERT INTO ingredient_has_tag VALUES(939,14);
INSERT INTO ingredient_has_tag VALUES(940,88);
INSERT INTO ingredient_has_tag VALUES(940,13);
INSERT INTO ingredient_has_tag VALUES(940,14);
INSERT INTO ingredient_has_tag VALUES(941,88);
INSERT INTO ingredient_has_tag VALUES(941,13);
INSERT INTO ingredient_has_tag VALUES(941,14);
INSERT INTO ingredient_has_tag VALUES(942,89);
INSERT INTO ingredient_has_tag VALUES(942,33);
INSERT INTO ingredient_has_tag VALUES(942,13);
INSERT INTO ingredient_has_tag VALUES(943,90);
INSERT INTO ingredient_has_tag VALUES(943,91);
INSERT INTO ingredient_has_tag VALUES(944,90);
INSERT INTO ingredient_has_tag VALUES(944,91);
INSERT INTO ingredient_has_tag VALUES(945,90);
INSERT INTO ingredient_has_tag VALUES(945,91);
INSERT INTO ingredient_has_tag VALUES(946,91);
INSERT INTO ingredient_has_tag VALUES(947,16);
INSERT INTO ingredient_has_tag VALUES(947,92);
INSERT INTO ingredient_has_tag VALUES(947,93);
INSERT INTO ingredient_has_tag VALUES(948,16);
INSERT INTO ingredient_has_tag VALUES(948,92);
INSERT INTO ingredient_has_tag VALUES(948,94);
INSERT INTO ingredient_has_tag VALUES(949,16);
INSERT INTO ingredient_has_tag VALUES(949,92);
INSERT INTO ingredient_has_tag VALUES(949,95);
INSERT INTO ingredient_has_tag VALUES(950,16);
INSERT INTO ingredient_has_tag VALUES(950,92);
INSERT INTO ingredient_has_tag VALUES(950,96);
INSERT INTO ingredient_has_tag VALUES(951,97);
INSERT INTO ingredient_has_tag VALUES(951,98);
INSERT INTO ingredient_has_tag VALUES(951,13);
INSERT INTO ingredient_has_tag VALUES(951,14);
INSERT INTO ingredient_has_tag VALUES(952,94);
INSERT INTO ingredient_has_tag VALUES(952,99);
INSERT INTO ingredient_has_tag VALUES(952,13);
INSERT INTO ingredient_has_tag VALUES(952,14);
INSERT INTO ingredient_has_tag VALUES(953,16);
INSERT INTO ingredient_has_tag VALUES(953,7);
INSERT INTO ingredient_has_tag VALUES(953,94);
INSERT INTO ingredient_has_tag VALUES(953,6);
INSERT INTO ingredient_has_tag VALUES(954,101);
INSERT INTO ingredient_has_tag VALUES(954,100);
INSERT INTO ingredient_has_tag VALUES(954,13);
CREATE TABLE reviews(
	reviewid integer primary key,
	recipeid integer,
	creator integer,
	rating integer not null,
	reviewtext text not null,
	creationtime text,
	FOREIGN KEY(recipeid) REFERENCES recipes(recipeid),
	FOREIGN KEY (creator) REFERENCES users(userid)
);
INSERT INTO reviews VALUES(1,1,1,3,'','2022-07-20 00:00:00');
INSERT INTO reviews VALUES(2,1,1,5,'','2022-07-20 00:00:00');
INSERT INTO reviews VALUES(3,2,1,1,'','2022-07-20 00:00:00');
INSERT INTO reviews VALUES(4,15,1,4,'','2022-07-20 00:00:00');
INSERT INTO reviews VALUES(5,18,1,5,'','2022-07-20 00:00:00');
CREATE TABLE comments(
	commentid integer primary key,
	reviewid integer,
	creator integer,
	commenttext text not null,
	creationtime text,
	FOREIGN KEY(reviewid) REFERENCES reviews(reviewid),
	FOREIGN KEY (creator) REFERENCES users(userid)
);
COMMIT;
